email,Fake_email
fguinness0@yolasite.com,Wendy Ball25a_1
fguinness0@yolasite.com,Wendy Ball25a_2
fdebenham1@si.edu,Alison Russell6bf_1
fdebenham1@si.edu,Alison Russell6bf_2
fdebenham1@si.edu,Alison Russell6bf_3
lleband2@hao123.com,Ms Geraldine Hayesc3d_1
sbartolommeo3@imgur.com,Leslie Long42c_1
sbartolommeo3@imgur.com,Leslie Long42c_2
sbartolommeo3@imgur.com,Leslie Long42c_3
ebraben4@xing.com,Maurice Richardson-Robertse4c_1
ebraben4@xing.com,Maurice Richardson-Robertse4c_2
dsich5@wix.com,Tony Morriscb5_1
dsich5@wix.com,Tony Morriscb5_2
dsich5@wix.com,Tony Morriscb5_3
iredfearn6@illinois.edu,Jacqueline Hughescc7_1
iredfearn6@illinois.edu,Jacqueline Hughescc7_2
iredfearn6@illinois.edu,Jacqueline Hughescc7_3
clammin7@uol.com.br,Danielle King684_1
clammin7@uol.com.br,Danielle King684_2
lhedde8@delicious.com,Mr Declan Clark793_1
ioffer9@disqus.com,Raymond Gregoryb69_1
srigmonda@go.com,Jeremy Hussain56a_1
mlarouxb@linkedin.com,Miss Rosie Baker2b1_1
mlarouxb@linkedin.com,Miss Rosie Baker2b1_2
mlarouxb@linkedin.com,Miss Rosie Baker2b1_3
pdictec@marketwatch.com,Nicola Sharp925_1
bgethoused@latimes.com,Jodie Macdonald727_1
ascaifee@chronoengine.com,Glen Greenwood03d_1
ascaifee@chronoengine.com,Glen Greenwood03d_2
ascaifee@chronoengine.com,Glen Greenwood03d_3
charbinf@prweb.com,Sarah O'Donnell-Carreb8_1
dmicallefg@marriott.com,Frank Parkerd4f_1
dabelovh@soundcloud.com,Mr Antony Sinclair15f_1
ndanbii@fotki.com,Laura Matthewse26_1
htirreyj@paypal.com,Leslie Rowe-Randall92f_1
mwilcoxk@livejournal.com,Neil Poole-Williams751_1
dcowel@lulu.com,Ms Alice Woodward867_1
dcowel@lulu.com,Ms Alice Woodward867_2
dcowel@lulu.com,Ms Alice Woodward867_3
kpantonem@sciencedaily.com,Ricky Sharpab9_1
lwaggittn@boston.com,Gareth Bondfa4_1
bfawthropo@yahoo.co.jp,Linda Reesbaf_1
sgodsellp@blogspot.com,David Hawkinsbd3_1
sgodsellp@blogspot.com,David Hawkinsbd3_2
gjornq@webnode.com,Gerard Waters811_1
gjornq@webnode.com,Gerard Waters811_2
nvermanr@yale.edu,Karen Thorped64_1
nvermanr@yale.edu,Karen Thorped64_2
hchappels@shinystat.com,Bruce Webb0eb_1
amccutcheont@4shared.com,Mark Kelly75c_1
cbeckensallu@yellowbook.com,Dr Danielle Mistryd0d_1
jgertv@apple.com,Joe Booth393_1
jgertv@apple.com,Joe Booth393_2
jgertv@apple.com,Joe Booth393_3
vwaszkiewiczw@ezinearticles.com,Neil McDonaldbcc_1
tebblesx@senate.gov,Stacey Stevensbae_1
tebblesx@senate.gov,Stacey Stevensbae_2
ztomlinsony@ifeng.com,John Dixon6c9_1
gervinez@pagesperso-orange.fr,Ms Lynda Phillips4ea_1
gervinez@pagesperso-orange.fr,Ms Lynda Phillips4ea_2
gervinez@pagesperso-orange.fr,Ms Lynda Phillips4ea_3
kdulwitch10@springer.com,Dean Brown73d_1
bdener11@state.tx.us,Karen Bakere56_1
bdener11@state.tx.us,Karen Bakere56_2
bdener11@state.tx.us,Karen Bakere56_3
hyakovliv12@webmd.com,Elaine Rogers913_1
dgard13@toplist.cz,Marie Cooke56f_1
lsaltwell14@i2i.jp,Maurice Jones917_1
mstyle15@rediff.com,Dr Linda Webster62a_1
mstyle15@rediff.com,Dr Linda Webster62a_2
mstyle15@rediff.com,Dr Linda Webster62a_3
tivasyushkin16@weibo.com,Dr Maria Campbell1f1_1
tivasyushkin16@weibo.com,Dr Maria Campbell1f1_2
tivasyushkin16@weibo.com,Dr Maria Campbell1f1_3
ybourcq17@symantec.com,Leonard Palmere2c_1
msadry18@jiathis.com,Claire Fox8fa_1
wtidbury19@dedecms.com,Carol Roberts54e_1
rcrambie1a@fastcompany.com,Brenda Price892_1
rcrambie1a@fastcompany.com,Brenda Price892_2
acollins1b@nydailynews.com,Julie Newman83e_1
acollins1b@nydailynews.com,Julie Newman83e_2
acollins1b@nydailynews.com,Julie Newman83e_3
clewsam1c@prweb.com,Dr Bradley Cunningham001_1
clewsam1c@prweb.com,Dr Bradley Cunningham001_2
clewsam1c@prweb.com,Dr Bradley Cunningham001_3
zfellman1d@smh.com.au,Alice Johnson6fd_1
zfellman1d@smh.com.au,Alice Johnson6fd_2
zfellman1d@smh.com.au,Alice Johnson6fd_3
handers1e@pbs.org,Geoffrey Atkinsb76_1
handers1e@pbs.org,Geoffrey Atkinsb76_2
handers1e@pbs.org,Geoffrey Atkinsb76_3
cboolsen1f@tinyurl.com,Hollie Martin823_1
cboolsen1f@tinyurl.com,Hollie Martin823_2
cboolsen1f@tinyurl.com,Hollie Martin823_3
tlewington1g@pcworld.com,Duncan Lowe-Coatese51_1
tlewington1g@pcworld.com,Duncan Lowe-Coatese51_2
sothen1h@oracle.com,Terry Smith719_1
laven1i@pen.io,Scott Lee25b_1
gsquirrell1j@businessweek.com,Holly Price-Harrisffd_1
rhalfacre1k@google.com.au,Rosemary Mitchell884_1
lwhitbread1l@forbes.com,Ms Beth Townsendc27_1
lwhitbread1l@forbes.com,Ms Beth Townsendc27_2
rhoolaghan1m@wiley.com,Miss Lauren Reidc91_1
bcathery1n@shareasale.com,Gerald Coxeee_1
bcathery1n@shareasale.com,Gerald Coxeee_2
bcathery1n@shareasale.com,Gerald Coxeee_3
tbesson1o@bing.com,Mr Geoffrey Burke84a_1
tbesson1o@bing.com,Mr Geoffrey Burke84a_2
tbesson1o@bing.com,Mr Geoffrey Burke84a_3
cbroschek1p@google.it,Leslie Williamsonf0c_1
fnoor1q@behance.net,Julie Ahmed-Young99f_1
tboxall1r@aol.com,Sheila Banksdf0_1
tboxall1r@aol.com,Sheila Banksdf0_2
mbeagen1s@elegantthemes.com,Annette Whitehoused8d_1
flibreros1t@list-manage.com,Nathan Gibbsc65_1
flibreros1t@list-manage.com,Nathan Gibbsc65_2
krens1u@uiuc.edu,Kerry Hall-Edwards86b_1
rasgodby1v@unc.edu,Mr Daniel Harrison244_1
rasgodby1v@unc.edu,Mr Daniel Harrison244_2
jchristal1w@furl.net,Mohammad Matthewsa30_1
jchristal1w@furl.net,Mohammad Matthewsa30_2
ajohnstone1x@nhs.uk,Diana Stephenson56b_1
jdenidge1y@pcworld.com,Bethany Khan582_1
jdenidge1y@pcworld.com,Bethany Khan582_2
cjirousek1z@skyrock.com,Christopher Parsons436_1
dzold20@nytimes.com,Norman Jones0e8_1
mboynes21@google.de,Mr Stuart Russellb6d_1
mboynes21@google.de,Mr Stuart Russellb6d_2
mboynes21@google.de,Mr Stuart Russellb6d_3
anewson22@networkadvertising.org,Damien Ellis-Wright497_1
jschubert23@time.com,Hilary Schofield96e_1
jschubert23@time.com,Hilary Schofield96e_2
kbrownsett24@forbes.com,Dr Howard Greenf5f_1
nroust25@fastcompany.com,Ms Mandy Davies8fd_1
nroust25@fastcompany.com,Ms Mandy Davies8fd_2
nroust25@fastcompany.com,Ms Mandy Davies8fd_3
ljemmison26@yellowpages.com,Dr Conor Russell031_1
tpatterson27@netscape.com,Lindsey Boltonb14_1
tpatterson27@netscape.com,Lindsey Boltonb14_2
tpatterson27@netscape.com,Lindsey Boltonb14_3
phelin28@shinystat.com,Kieran Thomasdc4_1
jlaundon29@aboutads.info,Mrs Judith Readafc_1
jcordingley2a@toplist.cz,Stacey Reiddf0_1
vshire2b@bloglines.com,Dr Sara Kirk12e_1
vshire2b@bloglines.com,Dr Sara Kirk12e_2
bvarley2c@accuweather.com,Miss Margaret Parkera79_1
bvarley2c@accuweather.com,Miss Margaret Parkera79_2
bvarley2c@accuweather.com,Miss Margaret Parkera79_3
adiggin2d@booking.com,Guy Smith620_1
adiggin2d@booking.com,Guy Smith620_2
eparkhouse2e@livejournal.com,Leslie Murphyc49_1
eparkhouse2e@livejournal.com,Leslie Murphyc49_2
bmacclinton2f@vk.com,Bernard James408_1
bmacclinton2f@vk.com,Bernard James408_2
bmacclinton2f@vk.com,Bernard James408_3
kdrinkeld2g@shareasale.com,Dr Ross Stevenson4cc_1
pdarrell2h@forbes.com,Mr Martyn Jones50f_1
pdarrell2h@forbes.com,Mr Martyn Jones50f_2
clongstreet2i@sakura.ne.jp,Mrs Jade Evans391_1
clongstreet2i@sakura.ne.jp,Mrs Jade Evans391_2
clongstreet2i@sakura.ne.jp,Mrs Jade Evans391_3
mambler2j@slashdot.org,Mr Jamie Morgan2cd_1
mambler2j@slashdot.org,Mr Jamie Morgan2cd_2
mtheurer2k@gizmodo.com,Mr Danny Giles79b_1
ceagland2l@census.gov,Dr Henry Wood541_1
ceagland2l@census.gov,Dr Henry Wood541_2
ceagland2l@census.gov,Dr Henry Wood541_3
bouldred2m@oakley.com,Dr Albert Chambersbf8_1
bouldred2m@oakley.com,Dr Albert Chambersbf8_2
bouldred2m@oakley.com,Dr Albert Chambersbf8_3
lruvel2n@canalblog.com,Dr Alan Scott7be_1
lruvel2n@canalblog.com,Dr Alan Scott7be_2
lruvel2n@canalblog.com,Dr Alan Scott7be_3
abeek2o@dyndns.org,Lucy White366_1
abeek2o@dyndns.org,Lucy White366_2
wharken2p@gizmodo.com,Damian Wrighta7b_1
wharken2p@gizmodo.com,Damian Wrighta7b_2
wharken2p@gizmodo.com,Damian Wrighta7b_3
bcupitt2q@ted.com,Ms Marie Butcher57b_1
bcupitt2q@ted.com,Ms Marie Butcher57b_2
mraden2r@xing.com,Dr Tom Harrison4eb_1
grevely2s@unesco.org,Ian Todd1f4_1
rsongust2t@hao123.com,Martyn Thomas-Smith65d_1
wbeckers2u@biglobe.ne.jp,Caroline Scott05c_1
gyurivtsev2v@pagesperso-orange.fr,Mr Lee Rileyda3_1
sjerke2w@paypal.com,Sarah Clarke-Lee435_1
shankey2x@purevolume.com,Stephen Wood-Russell7c8_1
bsivewright2y@tmall.com,Kieran Smith-Sutton4f1_1
bsivewright2y@tmall.com,Kieran Smith-Sutton4f1_2
bsivewright2y@tmall.com,Kieran Smith-Sutton4f1_3
hrosborough2z@weebly.com,Jacqueline Chapman513_1
rhousen30@livejournal.com,Alice Poole765_1
rhousen30@livejournal.com,Alice Poole765_2
rhousen30@livejournal.com,Alice Poole765_3
teunson31@ask.com,Joshua Kelly7e1_1
hsharer32@tripadvisor.com,Mr Max Allenfe2_1
hsharer32@tripadvisor.com,Mr Max Allenfe2_2
lcodi33@comsenz.com,Dr Gary Smithfe3_1
lcodi33@comsenz.com,Dr Gary Smithfe3_2
lcodi33@comsenz.com,Dr Gary Smithfe3_3
cbogue34@engadget.com,Nicole Martin443_1
cbogue34@engadget.com,Nicole Martin443_2
dellaway35@hhs.gov,Carolyn O'Brien-Campbell2c7_1
dishak36@census.gov,David Taylorb79_1
dishak36@census.gov,David Taylorb79_2
dishak36@census.gov,David Taylorb79_3
aney37@youtube.com,Malcolm Barnes511_1
aney37@youtube.com,Malcolm Barnes511_2
aney37@youtube.com,Malcolm Barnes511_3
ajarman38@techcrunch.com,Eric Cox9c7_1
ajarman38@techcrunch.com,Eric Cox9c7_2
ajarman38@techcrunch.com,Eric Cox9c7_3
livankovic39@tumblr.com,Bruce Khan-Jamesdb9_1
ctrapp3a@fotki.com,Melissa Khan773_1
cscartifield3b@amazon.com,Mr Marcus Doherty494_1
cscartifield3b@amazon.com,Mr Marcus Doherty494_2
cbernaciak3c@deliciousdays.com,James Smith-Marshef6_1
epilkington3d@tinypic.com,Clifford Thomasd2e_1
ngenge3e@paypal.com,Dr Ricky Richardson9c6_1
kchurchill3f@is.gd,Joanne Harris619_1
aheaford3g@live.com,Paula Fletcher01b_1
aheaford3g@live.com,Paula Fletcher01b_2
pwardell3h@uiuc.edu,Miss Kayleigh Perryceb_1
brotge3i@icio.us,Rhys Lewise0b_1
brotge3i@icio.us,Rhys Lewise0b_2
brotge3i@icio.us,Rhys Lewise0b_3
lmccorry3j@hubpages.com,Dr Frank Moore427_1
lmccorry3j@hubpages.com,Dr Frank Moore427_2
bmarshallsay3k@phpbb.com,Elizabeth Richardson2d2_1
wrebanks3l@paginegialle.it,Nicola Howell8c5_1
lgosney3m@usda.gov,Mr Sam Holmes792_1
lgosney3m@usda.gov,Mr Sam Holmes792_2
rmcinnery3n@example.com,Benjamin Davies-Smithbde_1
pvern3o@behance.net,Jacqueline Dixonc15_1
patley3p@twitpic.com,Gordon Bradleyb3b_1
patley3p@twitpic.com,Gordon Bradleyb3b_2
kvonasek3q@unc.edu,Melissa White-Foster78e_1
kvonasek3q@unc.edu,Melissa White-Foster78e_2
bfearnsides3r@miibeian.gov.cn,Clare Duffyad3_1
dreddel3s@elpais.com,Donald Reynoldsf3b_1
dreddel3s@elpais.com,Donald Reynoldsf3b_2
dreddel3s@elpais.com,Donald Reynoldsf3b_3
lpolk3t@about.com,Diane Farrella69_1
amelbourne3u@squidoo.com,Bruce Gallagher72e_1
hbarrell3v@disqus.com,Charlotte Edwards04b_1
cwedmore3w@dropbox.com,Mr Raymond Walla3c_1
mmingay3x@noaa.gov,Brenda Reynoldsbd3_1
agregs3y@twitter.com,Dr Ricky Dayd4e_1
agregs3y@twitter.com,Dr Ricky Dayd4e_2
agregs3y@twitter.com,Dr Ricky Dayd4e_3
wacors3z@bbc.co.uk,Joshua Marshalla65_1
adunphy40@reference.com,Dr Shaun Chamberse97_1
adunphy40@reference.com,Dr Shaun Chamberse97_2
adunphy40@reference.com,Dr Shaun Chamberse97_3
kbeldan41@privacy.gov.au,Mrs Stephanie Fleming3a3_1
kbeldan41@privacy.gov.au,Mrs Stephanie Fleming3a3_2
bpioch42@tiny.cc,Cameron Brown43c_1
bpioch42@tiny.cc,Cameron Brown43c_2
bpioch42@tiny.cc,Cameron Brown43c_3
rwealleans43@godaddy.com,Miss Marie Perkinsec3_1
rwealleans43@godaddy.com,Miss Marie Perkinsec3_2
pricciardelli44@eventbrite.com,Georgina Holland8fd_1
pricciardelli44@eventbrite.com,Georgina Holland8fd_2
fmaginn45@theglobeandmail.com,Miss Molly Davies66e_1
fmaginn45@theglobeandmail.com,Miss Molly Davies66e_2
fmaginn45@theglobeandmail.com,Miss Molly Davies66e_3
vminghetti46@uiuc.edu,Paula Turnerb48_1
vminghetti46@uiuc.edu,Paula Turnerb48_2
dstandering47@shareasale.com,Claire Lawrence-Roweba1_1
dstandering47@shareasale.com,Claire Lawrence-Roweba1_2
dstandering47@shareasale.com,Claire Lawrence-Roweba1_3
ljorn48@4shared.com,Craig Hill597_1
ljorn48@4shared.com,Craig Hill597_2
ljorn48@4shared.com,Craig Hill597_3
qbentley49@fastcompany.com,Katherine Hendersonddc_1
dwillgrass4a@w3.org,Mrs Anne Martincba_1
dwillgrass4a@w3.org,Mrs Anne Martincba_2
dwillgrass4a@w3.org,Mrs Anne Martincba_3
twoloschinski4b@csmonitor.com,Hollie Pritchard-Briggs934_1
mbeadham4c@opera.com,Hugh Johnson-Sharpe1d6_1
mbeadham4c@opera.com,Hugh Johnson-Sharpe1d6_2
mbeadham4c@opera.com,Hugh Johnson-Sharpe1d6_3
ayarrall4d@netscape.com,Dr Carole Marshallf01_1
ayarrall4d@netscape.com,Dr Carole Marshallf01_2
ayarrall4d@netscape.com,Dr Carole Marshallf01_3
bosheerin4e@businessweek.com,Leon Butlerdfe_1
bosheerin4e@businessweek.com,Leon Butlerdfe_2
apickless4f@domainmarket.com,Jenna Briggs3a8_1
wutton4g@sbwire.com,Gerald Moore5a9_1
bjiroutka4h@gravatar.com,Linda Millerfce_1
bjiroutka4h@gravatar.com,Linda Millerfce_2
bjiroutka4h@gravatar.com,Linda Millerfce_3
mbrader4i@flavors.me,Mrs Marilyn Smith52a_1
mbrader4i@flavors.me,Mrs Marilyn Smith52a_2
mbrader4i@flavors.me,Mrs Marilyn Smith52a_3
gayars4j@dagondesign.com,Kirsty Farrella77_1
gayars4j@dagondesign.com,Kirsty Farrella77_2
dvanbaaren4k@timesonline.co.uk,Dennis Skinneref3_1
dvanbaaren4k@timesonline.co.uk,Dennis Skinneref3_2
eshayes4l@nature.com,Phillip Hussain915_1
rpierri4m@chronoengine.com,Kevin Wheelereb1_1
tspradbery4n@boston.com,Dr Danny Stephens8e9_1
agooddy4o@princeton.edu,Sean Moore9fd_1
dradeliffe4p@about.me,Susan Edwardse53_1
dlippard4q@sbwire.com,Robert Hawkins95f_1
dlippard4q@sbwire.com,Robert Hawkins95f_2
mellard4r@reddit.com,Gerald Daniels08e_1
mellard4r@reddit.com,Gerald Daniels08e_2
mellard4r@reddit.com,Gerald Daniels08e_3
cgross4s@unblog.fr,Lynn Thomasf71_1
cgross4s@unblog.fr,Lynn Thomasf71_2
cgross4s@unblog.fr,Lynn Thomasf71_3
remmet4t@elegantthemes.com,Anne Hughesc8a_1
cyard4u@vk.com,Megan Harris3ca_1
cyard4u@vk.com,Megan Harris3ca_2
cyard4u@vk.com,Megan Harris3ca_3
rhackin4v@imageshack.us,Charlie Griffiths-Waltona00_1
rhackin4v@imageshack.us,Charlie Griffiths-Waltona00_2
sfranzel4w@tinyurl.com,Miss Deborah Mitchellae3_1
sfranzel4w@tinyurl.com,Miss Deborah Mitchellae3_2
kdarleston4x@simplemachines.org,Chloe Jonesd5f_1
aokenden4y@prnewswire.com,Ms Christine Freemand1b_1
tflello4z@ovh.net,Georgina Douglas43f_1
bbeloe50@lulu.com,Beth Hutchinsonace_1
bbeloe50@lulu.com,Beth Hutchinsonace_2
bbeloe50@lulu.com,Beth Hutchinsonace_3
mconers51@intel.com,Dr Alice Bryantd0a_1
mconers51@intel.com,Dr Alice Bryantd0a_2
mconers51@intel.com,Dr Alice Bryantd0a_3
gvautrey52@furl.net,Mr Denis Evans2b8_1
gvautrey52@furl.net,Mr Denis Evans2b8_2
gvautrey52@furl.net,Mr Denis Evans2b8_3
areitenbach53@goodreads.com,Duncan Williamsba8_1
rcritchell54@senate.gov,Dr Conor Morris8b0_1
ccreane55@disqus.com,Mr Neil Whittaker51a_1
ccreane55@disqus.com,Mr Neil Whittaker51a_2
ccreane55@disqus.com,Mr Neil Whittaker51a_3
hkinglake56@4shared.com,Mr Raymond Davis924_1
hkinglake56@4shared.com,Mr Raymond Davis924_2
hkinglake56@4shared.com,Mr Raymond Davis924_3
msharnock57@reference.com,Dr Charles Daniels43d_1
msharnock57@reference.com,Dr Charles Daniels43d_2
msharnock57@reference.com,Dr Charles Daniels43d_3
ekilsby58@cbsnews.com,Declan Simpson-Morris110_1
ekilsby58@cbsnews.com,Declan Simpson-Morris110_2
zgraysmark59@washingtonpost.com,Edward Yates527_1
gtopling5a@sakura.ne.jp,Glen Turner0b4_1
mtorresi5b@friendfeed.com,Rachel Taylor265_1
mtorresi5b@friendfeed.com,Rachel Taylor265_2
mtorresi5b@friendfeed.com,Rachel Taylor265_3
rterran5c@patch.com,Mrs Barbara Davison871_1
rterran5c@patch.com,Mrs Barbara Davison871_2
rterran5c@patch.com,Mrs Barbara Davison871_3
cserrell5d@w3.org,Kim Middletonb05_1
cserrell5d@w3.org,Kim Middletonb05_2
cserrell5d@w3.org,Kim Middletonb05_3
cdickerline5e@shinystat.com,Dr Graham Oliverd99_1
wjobbins5f@mail.ru,Dr Carol Chapmanadf_1
wjobbins5f@mail.ru,Dr Carol Chapmanadf_2
wjobbins5f@mail.ru,Dr Carol Chapmanadf_3
srigglesford5g@patch.com,Irene Gibbons7a7_1
dbroseman5h@merriam-webster.com,Ms Alice Wilson74e_1
dbroseman5h@merriam-webster.com,Ms Alice Wilson74e_2
dbroseman5h@merriam-webster.com,Ms Alice Wilson74e_3
akimmince5i@friendfeed.com,Leigh Morton133_1
akimmince5i@friendfeed.com,Leigh Morton133_2
dstoggles5j@nyu.edu,Geraldine Hamilton35a_1
msouth5k@go.com,Sara Day-Chadwick02e_1
tchyuerton5l@dropbox.com,Dr Ronald Priceeb3_1
tchyuerton5l@dropbox.com,Dr Ronald Priceeb3_2
tchyuerton5l@dropbox.com,Dr Ronald Priceeb3_3
cgallego5m@newyorker.com,Joanne Stewart173_1
cgallego5m@newyorker.com,Joanne Stewart173_2
cgallego5m@newyorker.com,Joanne Stewart173_3
gcastano5n@harvard.edu,George French02d_1
dmelross5o@addthis.com,Dr Aimee Young89d_1
dmelross5o@addthis.com,Dr Aimee Young89d_2
dmelross5o@addthis.com,Dr Aimee Young89d_3
sfawlkes5p@mozilla.org,Bethany Parryeb5_1
sfawlkes5p@mozilla.org,Bethany Parryeb5_2
sfawlkes5p@mozilla.org,Bethany Parryeb5_3
cloadsman5q@technorati.com,Dr Gerard Andrews773_1
cloadsman5q@technorati.com,Dr Gerard Andrews773_2
mburbank5r@prweb.com,Ashleigh Heath1ef_1
mburbank5r@prweb.com,Ashleigh Heath1ef_2
sbauduccio5s@mozilla.com,Gerard Burton-Humphreys44f_1
sbauduccio5s@mozilla.com,Gerard Burton-Humphreys44f_2
lpizey5t@wufoo.com,Melanie Shaw452_1
tgrattage5u@washington.edu,Gillian Slater289_1
flangan5v@discovery.com,Leah Murray-Dunn2ae_1
mandrzejewski5w@aboutads.info,Abigail Henderson01f_1
hphilipsen5x@shareasale.com,Judith Adams8da_1
acoales5y@moonfruit.com,Dr Brett Woodwardca5_1
acoales5y@moonfruit.com,Dr Brett Woodwardca5_2
acoales5y@moonfruit.com,Dr Brett Woodwardca5_3
dmaase5z@bizjournals.com,Dr Olivia Hussain400_1
dmaase5z@bizjournals.com,Dr Olivia Hussain400_2
ppawlick60@geocities.jp,Carolyn Howell7e6_1
ppawlick60@geocities.jp,Carolyn Howell7e6_2
ppawlick60@geocities.jp,Carolyn Howell7e6_3
mquirk61@trellian.com,Lucy Dixone3b_1
tgoldingay62@woothemes.com,Mr Julian Carr580_1
tgoldingay62@woothemes.com,Mr Julian Carr580_2
tgoldingay62@woothemes.com,Mr Julian Carr580_3
msunman63@army.mil,Jill Price8d3_1
hgawn64@pcworld.com,Holly Anderson528_1
hgawn64@pcworld.com,Holly Anderson528_2
kcrumly65@joomla.org,Dr Derek Evansb70_1
kcrumly65@joomla.org,Dr Derek Evansb70_2
kcrumly65@joomla.org,Dr Derek Evansb70_3
gjakoub66@devhub.com,Linda James144_1
astruan67@un.org,James Talbot651_1
astruan67@un.org,James Talbot651_2
iondrich68@blogger.com,Carl Whitehead-Johnson0aa_1
kmontrose69@forbes.com,Christian Morris-Gray263_1
rphillcox6a@state.tx.us,Dr Lawrence Ball521_1
jaberhart6b@google.fr,Danielle Daleec4_1
jaberhart6b@google.fr,Danielle Daleec4_2
jaberhart6b@google.fr,Danielle Daleec4_3
vwardlow6c@mapquest.com,Dr Alison Wallace2b1_1
iheadan6d@gnu.org,Hayley Kennedy801_1
iheadan6d@gnu.org,Hayley Kennedy801_2
iheadan6d@gnu.org,Hayley Kennedy801_3
bodo6e@exblog.jp,Ben Harrisonbed_1
bodo6e@exblog.jp,Ben Harrisonbed_2
mbraxay6f@blogger.com,Liam Allen8b5_1
rdearth6g@army.mil,Mrs Fiona Metcalfe5f8_1
rdearth6g@army.mil,Mrs Fiona Metcalfe5f8_2
uhodgins6h@deviantart.com,Ms Rosemary Cunningham75a_1
uhodgins6h@deviantart.com,Ms Rosemary Cunningham75a_2
lgatman6i@amazon.co.jp,Mrs Lydia Barnettaa8_1
lgatman6i@amazon.co.jp,Mrs Lydia Barnettaa8_2
lgatman6i@amazon.co.jp,Mrs Lydia Barnettaa8_3
bliverock6j@google.co.uk,Clive Hudsond8b_1
bliverock6j@google.co.uk,Clive Hudsond8b_2
bliverock6j@google.co.uk,Clive Hudsond8b_3
nnodes6k@vkontakte.ru,Clare Hollandf1c_1
nnodes6k@vkontakte.ru,Clare Hollandf1c_2
ckingdom6l@weather.com,Sheila Chambers8d3_1
dattawell6m@facebook.com,Mary Miles062_1
jcopner6n@xing.com,Dr Kate Clarke2ba_1
jcopner6n@xing.com,Dr Kate Clarke2ba_2
jcopner6n@xing.com,Dr Kate Clarke2ba_3
vnorkutt6o@kickstarter.com,Chelsea Harrison647_1
cmccaighey6p@dagondesign.com,Mr Arthur Taylor4c6_1
rslot6q@joomla.org,Jordan Bell0bb_1
rslot6q@joomla.org,Jordan Bell0bb_2
wsmitton6r@exblog.jp,Ian Mitchell1f9_1
wsmitton6r@exblog.jp,Ian Mitchell1f9_2
ymarchbank6s@webeden.co.uk,Paige Rileyf62_1
ymarchbank6s@webeden.co.uk,Paige Rileyf62_2
ymarchbank6s@webeden.co.uk,Paige Rileyf62_3
gmitchelmore6t@wix.com,Pauline Moore-Williams2d2_1
gmitchelmore6t@wix.com,Pauline Moore-Williams2d2_2
wgonoude6u@wiley.com,Bernard Mellor399_1
efearnyough6v@go.com,Marion Brownb18_1
jroseburgh6w@prlog.org,Sally Reynolds2b2_1
jroseburgh6w@prlog.org,Sally Reynolds2b2_2
mmathers6x@un.org,Jane Brooks685_1
tlindsell6y@chronoengine.com,Barry Murphy1d1_1
tlindsell6y@chronoengine.com,Barry Murphy1d1_2
tlindsell6y@chronoengine.com,Barry Murphy1d1_3
vhryniewicz6z@eventbrite.com,Nicole Kerr9d6_1
kkynman70@nymag.com,Frances Wilson-Wong69b_1
kkynman70@nymag.com,Frances Wilson-Wong69b_2
kkynman70@nymag.com,Frances Wilson-Wong69b_3
eguitte71@cnbc.com,Kenneth Stone945_1
eguitte71@cnbc.com,Kenneth Stone945_2
vchurchyard72@joomla.org,Hugh Lee-Parkinson2bf_1
nsturte73@bloglines.com,Dr Gavin Armstrong653_1
nsturte73@bloglines.com,Dr Gavin Armstrong653_2
nsturte73@bloglines.com,Dr Gavin Armstrong653_3
smccaughran74@geocities.jp,Dr Jack Taylorfa2_1
smccaughran74@geocities.jp,Dr Jack Taylorfa2_2
rharman75@devhub.com,Dr Damian Knight094_1
rharman75@devhub.com,Dr Damian Knight094_2
rharman75@devhub.com,Dr Damian Knight094_3
faldins76@edublogs.org,Dr Henry Miah8f4_1
faldins76@edublogs.org,Dr Henry Miah8f4_2
amcgarva77@seattletimes.com,Lesley Baldwin36a_1
amcgarva77@seattletimes.com,Lesley Baldwin36a_2
amcgarva77@seattletimes.com,Lesley Baldwin36a_3
acecchi78@blogger.com,Martyn Poole-Lewis36e_1
acecchi78@blogger.com,Martyn Poole-Lewis36e_2
bjaqueme79@uiuc.edu,Craig Jonesd27_1
joutridge7a@taobao.com,Ms Holly Field544_1
joutridge7a@taobao.com,Ms Holly Field544_2
joutridge7a@taobao.com,Ms Holly Field544_3
vpriddie7b@independent.co.uk,Ronald Schofield934_1
vpriddie7b@independent.co.uk,Ronald Schofield934_2
cmillott7c@usa.gov,Dr Leslie Dixon4fa_1
imacclenan7d@salon.com,Melissa Brownd19_1
imacclenan7d@salon.com,Melissa Brownd19_2
lsavill7e@sciencedaily.com,Hugh Morgan388_1
lsavill7e@sciencedaily.com,Hugh Morgan388_2
jtrytsman7f@imdb.com,Brandon Stevens1ea_1
jtrytsman7f@imdb.com,Brandon Stevens1ea_2
jtrytsman7f@imdb.com,Brandon Stevens1ea_3
lximenez7g@sciencedaily.com,Chloe Blake452_1
zattenbarrow7h@alibaba.com,Mrs Lynda Wilsona02_1
zattenbarrow7h@alibaba.com,Mrs Lynda Wilsona02_2
pchazotte7i@time.com,Natalie Black330_1
pholgan7j@answers.com,Mr Peter Reynoldsb7d_1
bgurko7k@barnesandnoble.com,Melanie Edwards875_1
bgurko7k@barnesandnoble.com,Melanie Edwards875_2
amattosoff7l@etsy.com,Dr Adam Smith71d_1
gdawes7m@yelp.com,Peter Daviesc0a_1
gdawes7m@yelp.com,Peter Daviesc0a_2
cleask7n@skyrock.com,Diane Hamilton-Smith009_1
bgiorgielli7o@lycos.com,Teresa Cooperff6_1
ccrudginton7p@weather.com,Kirsty Singh451_1
gbeardsall7q@blogger.com,Colin Akhtar904_1
gbeardsall7q@blogger.com,Colin Akhtar904_2
gbeardsall7q@blogger.com,Colin Akhtar904_3
hnoriega7r@amazon.co.jp,Frances Andersonc1a_1
mwatting7s@indiegogo.com,Michelle Shawec1_1
mwatting7s@indiegogo.com,Michelle Shawec1_2
mwatting7s@indiegogo.com,Michelle Shawec1_3
oscrange7t@cornell.edu,Rita Cox-Jacksonf98_1
asivills7u@tripadvisor.com,Beverley Cox030_1
asivills7u@tripadvisor.com,Beverley Cox030_2
mbrockherst7v@squarespace.com,Shane Singh0cf_1
mbrockherst7v@squarespace.com,Shane Singh0cf_2
hthomelin7w@cafepress.com,Brenda Jackson48f_1
astolworthy7x@wikispaces.com,Dr Roger Stewart072_1
jdiemer7y@oakley.com,Dr Ashleigh Holmesb9e_1
warchbutt7z@ted.com,Valerie Chapman-Hill7ca_1
ubysaker80@gov.uk,Kathleen Gregoryb9b_1
wbesantie81@last.fm,Marion Phillipsa4a_1
yfarrans82@ftc.gov,Katherine Hollandafc_1
agoricke83@zimbio.com,Carolyn Mooref0d_1
agoricke83@zimbio.com,Carolyn Mooref0d_2
agoricke83@zimbio.com,Carolyn Mooref0d_3
nlydford84@loc.gov,Jemma Ryan-Stewarte4d_1
nlydford84@loc.gov,Jemma Ryan-Stewarte4d_2
nlydford84@loc.gov,Jemma Ryan-Stewarte4d_3
fsibylla85@ed.gov,Jodie Bailey2ed_1
fsibylla85@ed.gov,Jodie Bailey2ed_2
fsibylla85@ed.gov,Jodie Bailey2ed_3
mrookeby86@ycombinator.com,Jacqueline Kingc49_1
mattrill87@goodreads.com,Philip Lewis-Allen2ff_1
mattrill87@goodreads.com,Philip Lewis-Allen2ff_2
mattrill87@goodreads.com,Philip Lewis-Allen2ff_3
mmogie88@netscape.com,Fiona Johnson4ef_1
rwagerfield89@shutterfly.com,Jake Martin1ef_1
toculligan8a@jigsy.com,Natasha Watson644_1
toculligan8a@jigsy.com,Natasha Watson644_2
lraftery8b@vkontakte.ru,Dr Philip Barber5bb_1
lraftery8b@vkontakte.ru,Dr Philip Barber5bb_2
emorando8c@webnode.com,Mrs Aimee Blackburn78b_1
emorando8c@webnode.com,Mrs Aimee Blackburn78b_2
emorando8c@webnode.com,Mrs Aimee Blackburn78b_3
opollicote8d@shareasale.com,Dr Terence Quinna86_1
opollicote8d@shareasale.com,Dr Terence Quinna86_2
opollicote8d@shareasale.com,Dr Terence Quinna86_3
erawkesby8e@wikispaces.com,Olivia Gillb3a_1
erawkesby8e@wikispaces.com,Olivia Gillb3a_2
gpoint8f@prnewswire.com,Martin Brennan95f_1
gpoint8f@prnewswire.com,Martin Brennan95f_2
gpoint8f@prnewswire.com,Martin Brennan95f_3
ccooksley8g@feedburner.com,Abbie Jones5f0_1
dnystrom8h@spotify.com,Joanna Stonef70_1
ehyder8i@storify.com,Jennifer Graya56_1
ehyder8i@storify.com,Jennifer Graya56_2
cfrazier8j@dell.com,Mandy Johnsoneff_1
cfrazier8j@dell.com,Mandy Johnsoneff_2
cfrazier8j@dell.com,Mandy Johnsoneff_3
sfroggatt8k@list-manage.com,Barbara Parker-Phillipsf0f_1
sfroggatt8k@list-manage.com,Barbara Parker-Phillipsf0f_2
sfroggatt8k@list-manage.com,Barbara Parker-Phillipsf0f_3
kfauning8l@shareasale.com,Amber Bartlettc06_1
kfauning8l@shareasale.com,Amber Bartlettc06_2
kthurley8m@weibo.com,Stephanie Kinga78_1
kthurley8m@weibo.com,Stephanie Kinga78_2
pbimson8n@tinypic.com,Mrs Marilyn Moore07d_1
pbimson8n@tinypic.com,Mrs Marilyn Moore07d_2
pbimson8n@tinypic.com,Mrs Marilyn Moore07d_3
hphilcott8o@fotki.com,Aimee Pritchard2b5_1
hphilcott8o@fotki.com,Aimee Pritchard2b5_2
nmatiewe8p@squidoo.com,Craig Mitchell305_1
tfehners8q@1und1.de,Mr Liam Greenwoodfba_1
hkarolowski8r@de.vu,Ms Carol Frostd23_1
hkarolowski8r@de.vu,Ms Carol Frostd23_2
hkarolowski8r@de.vu,Ms Carol Frostd23_3
mbernhardi8s@about.com,Clare Hughes-Payne601_1
jsyder8t@wisc.edu,Mrs Melissa Booth7d1_1
jsyder8t@wisc.edu,Mrs Melissa Booth7d1_2
jsyder8t@wisc.edu,Mrs Melissa Booth7d1_3
rgrishenkov8u@deviantart.com,Lewis Barry5ff_1
rgrishenkov8u@deviantart.com,Lewis Barry5ff_2
rgrishenkov8u@deviantart.com,Lewis Barry5ff_3
ltreweela8v@go.com,Owen Turner-Payne455_1
aolyonov8w@t-online.de,Terence Shahada_1
aolyonov8w@t-online.de,Terence Shahada_2
tmorteo8x@uol.com.br,Laura Barrettaba_1
cmeadowcroft8y@fastcompany.com,Margaret Mitchell-Brown269_1
cmeadowcroft8y@fastcompany.com,Margaret Mitchell-Brown269_2
cmeadowcroft8y@fastcompany.com,Margaret Mitchell-Brown269_3
vmcneillie8z@lycos.com,Connor Brooks017_1
vmcneillie8z@lycos.com,Connor Brooks017_2
vmcneillie8z@lycos.com,Connor Brooks017_3
tmcgarvey90@opensource.org,Dr Kathleen Baileye89_1
tmcgarvey90@opensource.org,Dr Kathleen Baileye89_2
tmcgarvey90@opensource.org,Dr Kathleen Baileye89_3
samy91@taobao.com,Josephine Baker1b7_1
kplampeyn92@ebay.com,Ms Rosie Fuller9ba_1
kplampeyn92@ebay.com,Ms Rosie Fuller9ba_2
smulleary93@51.la,June Smitha04_1
smatula94@php.net,Colin Phillips888_1
smatula94@php.net,Colin Phillips888_2
sciccerale95@gnu.org,Bradley Smith-Thomas58d_1
dbrudenell96@cdbaby.com,Leah Chapmanb9e_1
glarrad97@tamu.edu,Hilary Brown396_1
glarrad97@tamu.edu,Hilary Brown396_2
glarrad97@tamu.edu,Hilary Brown396_3
goloshkin98@printfriendly.com,Lynn Davies3e8_1
goloshkin98@printfriendly.com,Lynn Davies3e8_2
goloshkin98@printfriendly.com,Lynn Davies3e8_3
hthornewell99@seattletimes.com,Dr Victoria Richardson18b_1
hthornewell99@seattletimes.com,Dr Victoria Richardson18b_2
hthornewell99@seattletimes.com,Dr Victoria Richardson18b_3
zvanarsdale9a@yahoo.co.jp,Dean Kennedy59b_1
mwilfinger9b@ezinearticles.com,Dr Albert Wilsonbee_1
gbrockelsby9c@ucoz.ru,Mr Peter Farrellaba_1
gbrockelsby9c@ucoz.ru,Mr Peter Farrellaba_2
dkhan9d@vinaora.com,Mrs Tracy Greenwoodea2_1
plumber9e@pinterest.com,Alexandra Noble3fd_1
plumber9e@pinterest.com,Alexandra Noble3fd_2
plumber9e@pinterest.com,Alexandra Noble3fd_3
bdurrant9f@nasa.gov,Nicola Dixonaf1_1
bdurrant9f@nasa.gov,Nicola Dixonaf1_2
awathall9g@nbcnews.com,Philip Readfaf_1
awathall9g@nbcnews.com,Philip Readfaf_2
mkirstein9h@accuweather.com,Alison Allenba0_1
mkirstein9h@accuweather.com,Alison Allenba0_2
gkores9i@pbs.org,Dr Amy Saunders972_1
gkores9i@pbs.org,Dr Amy Saunders972_2
lseabrocke9j@nsw.gov.au,Anne Quinn7f9_1
lseabrocke9j@nsw.gov.au,Anne Quinn7f9_2
gabotson9k@sphinn.com,Lewis Alibdc_1
gkeough9l@mtv.com,Dr Cameron Thomasfbc_1
rwilman9m@mail.ru,Dylan Murray-Wilson6f9_1
oborthwick9n@vkontakte.ru,Dr Carl Rose817_1
mvacher9o@wisc.edu,Sarah Hartley307_1
mvacher9o@wisc.edu,Sarah Hartley307_2
jlambirth9p@pbs.org,Harry Davies031_1
aprudence9q@parallels.com,Dr Steven Marsh944_1
aprudence9q@parallels.com,Dr Steven Marsh944_2
aprudence9q@parallels.com,Dr Steven Marsh944_3
rmilmore9r@ihg.com,Dean Lawdbe_1
rmilmore9r@ihg.com,Dean Lawdbe_2
rmilmore9r@ihg.com,Dean Lawdbe_3
kkitto9s@imageshack.us,Dr Shane Hutchinsond34_1
mmacvicar9t@prweb.com,Richard Lewis2c5_1
kpashba9u@ox.ac.uk,Diane Brown34d_1
cissett9v@home.pl,Barry Fordabe_1
cissett9v@home.pl,Barry Fordabe_2
cissett9v@home.pl,Barry Fordabe_3
tghelardoni9w@vk.com,Annette Walker5ef_1
fcummungs9x@myspace.com,Anne Gray127_1
sdmitrievski9y@google.ru,Christopher Carpenter043_1
sbarles9z@arstechnica.com,Mrs Gemma Higginsef8_1
kferenca0@globo.com,Henry Jonesa54_1
kferenca0@globo.com,Henry Jonesa54_2
hmasdina1@51.la,Dr Iain Roberts5ec_1
hmasdina1@51.la,Dr Iain Roberts5ec_2
cstientona2@yellowbook.com,Graeme Clarkecfe_1
cstientona2@yellowbook.com,Graeme Clarkecfe_2
cstientona2@yellowbook.com,Graeme Clarkecfe_3
balberya3@walmart.com,Karl Johnson0c4_1
balberya3@walmart.com,Karl Johnson0c4_2
balberya3@walmart.com,Karl Johnson0c4_3
cdomnineya4@un.org,Gavin Edwards-Clark683_1
cdomnineya4@un.org,Gavin Edwards-Clark683_2
cdomnineya4@un.org,Gavin Edwards-Clark683_3
kjoicea5@opensource.org,Craig Patel-Roberts733_1
kjoicea5@opensource.org,Craig Patel-Roberts733_2
temnoneya6@joomla.org,Mr Robin Shah3bc_1
mfeehilya7@tripod.com,Joel Butler6b2_1
pgreensidesa8@ucoz.ru,Dr Jacob Carroll0da_1
cdruhana9@360.cn,Mr Jake Allan677_1
cdruhana9@360.cn,Mr Jake Allan677_2
cdruhana9@360.cn,Mr Jake Allan677_3
fswinnardaa@amazon.com,Ms Shannon O'Connorf05_1
fswinnardaa@amazon.com,Ms Shannon O'Connorf05_2
kchawnerab@seesaa.net,Glenn Brownadf_1
fsametac@thetimes.co.uk,Francesca Smith10a_1
fsametac@thetimes.co.uk,Francesca Smith10a_2
amandread@mapquest.com,Tina Thompsonb0a_1
amandread@mapquest.com,Tina Thompsonb0a_2
mwyndhamae@timesonline.co.uk,Mr Richard Bradleyde6_1
mwyndhamae@timesonline.co.uk,Mr Richard Bradleyde6_2
rwaisonaf@digg.com,Justin Roberts41b_1
rwaisonaf@digg.com,Justin Roberts41b_2
rwaisonaf@digg.com,Justin Roberts41b_3
jaltonag@upenn.edu,Chloe Davies549_1
jaltonag@upenn.edu,Chloe Davies549_2
dcampanelliah@nymag.com,Mr Benjamin Chandler1d8_1
dcampanelliah@nymag.com,Mr Benjamin Chandler1d8_2
dcampanelliah@nymag.com,Mr Benjamin Chandler1d8_3
fwhorallai@netscape.com,Marion Wilkinson719_1
hlockeyaj@china.com.cn,Scott Stephenson-Allend09_1
hlockeyaj@china.com.cn,Scott Stephenson-Allend09_2
dchittockak@list-manage.com,Anne Ball3d7_1
mhounsonal@google.ca,Elizabeth Mason71f_1
vfritcheam@latimes.com,Hugh Sykes510_1
vfritcheam@latimes.com,Hugh Sykes510_2
ccrawcouran@blogger.com,Gillian Sinclair9f4_1
aderobertisao@amazonaws.com,Allan McLean6a4_1
dwhinrayap@geocities.com,Joseph Williamsedc_1
dwhinrayap@geocities.com,Joseph Williamsedc_2
gmorisonaq@google.ca,Pauline Marshalle79_1
lpriggar@mapquest.com,Lydia Jonesc51_1
lpriggar@mapquest.com,Lydia Jonesc51_2
esmyleyas@woothemes.com,Adam Cunningham130_1
bschirachat@prweb.com,Susan Cookff2_1
ashoweringau@oakley.com,Mr Benjamin Balld42_1
ashoweringau@oakley.com,Mr Benjamin Balld42_2
dbransdonav@usatoday.com,Maurice Barnes161_1
dbransdonav@usatoday.com,Maurice Barnes161_2
nreimeraw@house.gov,Jenna Fox2c2_1
hbellewax@harvard.edu,Rita Begumd50_1
hbellewax@harvard.edu,Rita Begumd50_2
hbellewax@harvard.edu,Rita Begumd50_3
lcasajuanaay@howstuffworks.com,Christine Mills358_1
lcasajuanaay@howstuffworks.com,Christine Mills358_2
lcasajuanaay@howstuffworks.com,Christine Mills358_3
rasplandaz@seattletimes.com,Neil Elliott4f5_1
rasplandaz@seattletimes.com,Neil Elliott4f5_2
tburrellsb0@mlb.com,Ms Kimberley Harrisone12_1
celoib1@buzzfeed.com,Jenna Ali156_1
kwaywellb2@51.la,Mr Jay Cole98b_1
kwaywellb2@51.la,Mr Jay Cole98b_2
etuffrm-dup@plala.or.jp,Jessica Smithfef_1
kchomickirn-dup@weibo.com,Dr Hilary Mahmood19a_1
areapro-dup@soundcloud.com,Tom Millsca1_1
areapro-dup@soundcloud.com,Tom Millsca1_2
apuckinghornerp-dup@prweb.com,Ryan Taylor44f_1
apuckinghornerp-dup@prweb.com,Ryan Taylor44f_2
dmcdellrq-dup@ca.gov,Andrew Morrisb55_1
dmcdellrq-dup@ca.gov,Andrew Morrisb55_2
ctoderinirr-dup@hexun.com,Mr Josh Hartley0bb_1
ctoderinirr-dup@hexun.com,Mr Josh Hartley0bb_2
ctoderinirr-dup@hexun.com,Mr Josh Hartley0bb_3
apriddingb9@epa.gov,Mr Ian Woodacd_1
apriddingb9@epa.gov,Mr Ian Woodacd_2
abowlingba@weather.com,Carol Collinscff_1
abowlingba@weather.com,Carol Collinscff_2
abowlingba@weather.com,Carol Collinscff_3
lbukowskibb@wired.com,Colin Carpenter6e3_1
lbukowskibb@wired.com,Colin Carpenter6e3_2
mfeeleybc@who.int,Sharon Howell8a4_1
mfeeleybc@who.int,Sharon Howell8a4_2
sstandallbd@amazonaws.com,Mrs Kayleigh Baldwin8f9_1
sstandallbd@amazonaws.com,Mrs Kayleigh Baldwin8f9_2
sstandallbd@amazonaws.com,Mrs Kayleigh Baldwin8f9_3
rmeldonbe@goo.ne.jp,Gemma Austin-Bellce5_1
rmeldonbe@goo.ne.jp,Gemma Austin-Bellce5_2
erubybf@dion.ne.jp,Geraldine Edwards2c2_1
mpinarbg@nymag.com,Shaun Cox83c_1
bformbh@prlog.org,Miss Patricia Fisher1b5_1
dfarndalebi@census.gov,Miss Hilary Evans96a_1
jbendbj@webeden.co.uk,Ms Alison Gill086_1
ngeorgibk@merriam-webster.com,Mrs Lucy Stokes4fa_1
ngeorgibk@merriam-webster.com,Mrs Lucy Stokes4fa_2
ngeorgibk@merriam-webster.com,Mrs Lucy Stokes4fa_3
gsiddonsbl@chicagotribune.com,Mr Joseph Fleming937_1
eclewbm@acquirethisname.com,Leah Hughes101_1
smclleesebn@mapy.cz,Colin Davies346_1
amcelorybo@engadget.com,Rachael Edwards823_1
amcelorybo@engadget.com,Rachael Edwards823_2
ehawbp@jimdo.com,Arthur Bakerfea_1
ehawbp@jimdo.com,Arthur Bakerfea_2
eridehalghbq@slideshare.net,Alice Taylorcef_1
eridehalghbq@slideshare.net,Alice Taylorcef_2
eridehalghbq@slideshare.net,Alice Taylorcef_3
eburfieldbr@chronoengine.com,Kimberley Cooper9b3_1
eburfieldbr@chronoengine.com,Kimberley Cooper9b3_2
cfidelerbs@opera.com,Gerald Williams-Chambers36f_1
cfidelerbs@opera.com,Gerald Williams-Chambers36f_2
ischwandbt@shutterfly.com,Ben Harris2c7_1
ischwandbt@shutterfly.com,Ben Harris2c7_2
ischwandbt@shutterfly.com,Ben Harris2c7_3
rpurchallbu@nih.gov,Jack Burgess-Jones702_1
rpurchallbu@nih.gov,Jack Burgess-Jones702_2
blagebv@cargocollective.com,Mr Vincent Robinsondfb_1
blagebv@cargocollective.com,Mr Vincent Robinsondfb_2
blagebv@cargocollective.com,Mr Vincent Robinsondfb_3
rallredbw@wikia.com,Mr Callum Humphries883_1
sschulzbx@netvibes.com,Dr Melissa Phillipsfd3_1
stapeby@google.co.uk,Daniel West4f9_1
ldeatonbz@ask.com,Jeffrey Brown090_1
hchatfieldc0@prweb.com,Martin Harvey160_1
mbranec1@indiegogo.com,Damien Moorea62_1
mbranec1@indiegogo.com,Damien Moorea62_2
mbranec1@indiegogo.com,Damien Moorea62_3
bcarderoc2@soundcloud.com,Molly Doyle999_1
bcarderoc2@soundcloud.com,Molly Doyle999_2
ybengoughc3@reuters.com,Abigail Davisonced_1
btollettc4@uiuc.edu,Louis Moore-Sanderson253_1
btollettc4@uiuc.edu,Louis Moore-Sanderson253_2
kurryc5@google.com.au,Dr Ian Bates92a_1
kurryc5@google.com.au,Dr Ian Bates92a_2
kurryc5@google.com.au,Dr Ian Bates92a_3
amewesc6@baidu.com,Dr Marc Evans38b_1
amewesc6@baidu.com,Dr Marc Evans38b_2
amewesc6@baidu.com,Dr Marc Evans38b_3
nholburyc7@reuters.com,Dr Donald Bell3f0_1
tjenkenc8@squidoo.com,Alice Knight-Begum897_1
cbawmec9@prnewswire.com,Mathew Ward6d9_1
rjelfsca@unesco.org,Sean Townsend-Jonesb1a_1
bvlasyukcb@addthis.com,Arthur Daviesa57_1
mwarincc@google.cn,Miss Ann Smith48e_1
mwarincc@google.cn,Miss Ann Smith48e_2
mwarincc@google.cn,Miss Ann Smith48e_3
kizzettcd@woothemes.com,Sean Griffithscec_1
kizzettcd@woothemes.com,Sean Griffithscec_2
kizzettcd@woothemes.com,Sean Griffithscec_3
dkloisnerce@indiatimes.com,Stacey Smitheec_1
lmittoncf@networkadvertising.org,Mrs Danielle Barrettb13_1
kkeightleycg@wix.com,Nicole Steele-Brooksc64_1
kkeightleycg@wix.com,Nicole Steele-Brooksc64_2
vgentilch@sogou.com,Carly Thompsona48_1
vgentilch@sogou.com,Carly Thompsona48_2
vgentilch@sogou.com,Carly Thompsona48_3
rquickci@barnesandnoble.com,Philip Bailey746_1
rquickci@barnesandnoble.com,Philip Bailey746_2
rquickci@barnesandnoble.com,Philip Bailey746_3
fivermeecj@bigcartel.com,Mark Woodc07_1
fivermeecj@bigcartel.com,Mark Woodc07_2
hjordineck@woothemes.com,Naomi Akhtar3f0_1
hjordineck@woothemes.com,Naomi Akhtar3f0_2
hjordineck@woothemes.com,Naomi Akhtar3f0_3
bannattcl@apple.com,Glen Smithd6c_1
clundiecm@nsw.gov.au,Cameron Greenwood34e_1
mplacidocn@ycombinator.com,Mohamed Andrews1d5_1
dleatherco@csmonitor.com,Dr Francesca Smithf96_1
dleatherco@csmonitor.com,Dr Francesca Smithf96_2
swarnecp@weebly.com,Rhys Jones05b_1
mpadfieldcq@dropbox.com,Miss Carly Dobson410_1
mpadfieldcq@dropbox.com,Miss Carly Dobson410_2
oconniamcr@mayoclinic.com,Nicholas Shawf21_1
oconniamcr@mayoclinic.com,Nicholas Shawf21_2
oconniamcr@mayoclinic.com,Nicholas Shawf21_3
mveneurcs@about.com,Edward Pritchard7ec_1
mveneurcs@about.com,Edward Pritchard7ec_2
sbubbinsct@sitemeter.com,Ms Sharon Holden6f7_1
sbubbinsct@sitemeter.com,Ms Sharon Holden6f7_2
sbubbinsct@sitemeter.com,Ms Sharon Holden6f7_3
ccrasfordcu@bizjournals.com,Alison Morrisb5a_1
ccrasfordcu@bizjournals.com,Alison Morrisb5a_2
krigneycv@oakley.com,Dr Melissa Wilsonb4c_1
krigneycv@oakley.com,Dr Melissa Wilsonb4c_2
jborrillcw@fema.gov,Catherine Thomas6a2_1
jborrillcw@fema.gov,Catherine Thomas6a2_2
jborrillcw@fema.gov,Catherine Thomas6a2_3
tmarcoolyncx@hhs.gov,Ms Louise Foxeb2_1
tmarcoolyncx@hhs.gov,Ms Louise Foxeb2_2
ecammockcy@nih.gov,Dr Laura Jordan4c3_1
ecammockcy@nih.gov,Dr Laura Jordan4c3_2
mindercz@amazonaws.com,Nicola Brown0e2_1
fcotsfordd0@unicef.org,Dr Adrian Jones461_1
fcotsfordd0@unicef.org,Dr Adrian Jones461_2
fcotsfordd0@unicef.org,Dr Adrian Jones461_3
vreemand1@plala.or.jp,Kirsty Prattb8b_1
vreemand1@plala.or.jp,Kirsty Prattb8b_2
lsandelsd2@4shared.com,Kenneth French65d_1
mthreaderd3@prweb.com,Conor Rice043_1
mthreaderd3@prweb.com,Conor Rice043_2
mthreaderd3@prweb.com,Conor Rice043_3
rcorlettd4@csmonitor.com,Victoria Fox-Murphy88d_1
rcorlettd4@csmonitor.com,Victoria Fox-Murphy88d_2
tswaffieldd5@narod.ru,Miss Rita Walkerff7_1
tswaffieldd5@narod.ru,Miss Rita Walkerff7_2
jrufflerd6@latimes.com,Nicola Owen51e_1
jrufflerd6@latimes.com,Nicola Owen51e_2
jrufflerd6@latimes.com,Nicola Owen51e_3
achandlerd7@liveinternet.ru,Carly Morgan989_1
rchurchilld8@google.fr,Mr Jamie Wilkinson8d8_1
rchurchilld8@google.fr,Mr Jamie Wilkinson8d8_2
cnewsteadd9@toplist.cz,Brett Fitzgerald3ac_1
cnewsteadd9@toplist.cz,Brett Fitzgerald3ac_2
cnewsteadd9@toplist.cz,Brett Fitzgerald3ac_3
pmcgintyda@springer.com,Dr Henry Howardbe2_1
erobrowdb@slate.com,Nathan Williams392_1
erobrowdb@slate.com,Nathan Williams392_2
erobrowdb@slate.com,Nathan Williams392_3
tkeyhoedc@smh.com.au,Leanne Coleman1e8_1
tkeyhoedc@smh.com.au,Leanne Coleman1e8_2
tkeyhoedc@smh.com.au,Leanne Coleman1e8_3
msackeydd@studiopress.com,Sarah Phillips945_1
msackeydd@studiopress.com,Sarah Phillips945_2
msackeydd@studiopress.com,Sarah Phillips945_3
msewleyde@huffingtonpost.com,Fiona Young88b_1
hrogerondf@ifeng.com,Harry Barberfd9_1
orehndg@t-online.de,Marion Williamsaf0_1
orehndg@t-online.de,Marion Williamsaf0_2
orehndg@t-online.de,Marion Williamsaf0_3
jszymanskidh@irs.gov,Jordan Cooperada_1
jszymanskidh@irs.gov,Jordan Cooperada_2
jszymanskidh@irs.gov,Jordan Cooperada_3
lhearleydi@sina.com.cn,Dr Albert Fielda13_1
jspatarodj@lulu.com,Louise Berryc32_1
jspatarodj@lulu.com,Louise Berryc32_2
jspatarodj@lulu.com,Louise Berryc32_3
hhabershondk@amazon.co.uk,Mohammed Hayesba1_1
hhabershondk@amazon.co.uk,Mohammed Hayesba1_2
hhabershondk@amazon.co.uk,Mohammed Hayesba1_3
hsurgeondl@fema.gov,Dr Eileen Smithb37_1
vhavesidesdm@webs.com,Linda Kennedy27c_1
kmardalldn@cloudflare.com,Stanley Murray-Lawrence107_1
kmardalldn@cloudflare.com,Stanley Murray-Lawrence107_2
kmardalldn@cloudflare.com,Stanley Murray-Lawrence107_3
crubrowdo@si.edu,Rosemary Hill0d0_1
gfintophdp@youtube.com,Dr Roy Hopkins1a9_1
gfintophdp@youtube.com,Dr Roy Hopkins1a9_2
bbeccerodq@1688.com,Frank Bowenea5_1
lplayerdr@studiopress.com,Mrs Hannah Jackson5fd_1
lplayerdr@studiopress.com,Mrs Hannah Jackson5fd_2
lplayerdr@studiopress.com,Mrs Hannah Jackson5fd_3
showiesonds@dmoz.org,Mr Bryan Harding551_1
showiesonds@dmoz.org,Mr Bryan Harding551_2
showiesonds@dmoz.org,Mr Bryan Harding551_3
agrewesdt@dion.ne.jp,Andrew Gallagher86c_1
agrewesdt@dion.ne.jp,Andrew Gallagher86c_2
mespinosadu@altervista.org,Mr Ashley White928_1
mmeysdv@independent.co.uk,Mrs Pamela Richardson89e_1
twinsborrowdw@jalbum.net,Gareth Mooreaa4_1
twinsborrowdw@jalbum.net,Gareth Mooreaa4_2
twinsborrowdw@jalbum.net,Gareth Mooreaa4_3
amundwelldx@csmonitor.com,Dr Graham Pricece9_1
wmanneringdy@newyorker.com,Amelia Fraser6f9_1
hipwelldz@boston.com,Ashleigh Knowles739_1
hipwelldz@boston.com,Ashleigh Knowles739_2
hipwelldz@boston.com,Ashleigh Knowles739_3
wforsdickee0@ucsd.edu,Roger Hille97_1
wforsdickee0@ucsd.edu,Roger Hille97_2
callatte1@tinyurl.com,Lydia Haynesff2_1
callatte1@tinyurl.com,Lydia Haynesff2_2
callatte1@tinyurl.com,Lydia Haynesff2_3
ihandovere2@amazonaws.com,Dr Sarah Dawsonccc_1
hserginsone3@ca.gov,Donna Marshall45e_1
hserginsone3@ca.gov,Donna Marshall45e_2
hserginsone3@ca.gov,Donna Marshall45e_3
elawrancee4@github.io,Jacob Bolton9e9_1
elawrancee4@github.io,Jacob Bolton9e9_2
jfearnille5@omniture.com,Owen Gregory-Barber41d_1
jfearnille5@omniture.com,Owen Gregory-Barber41d_2
jfearnille5@omniture.com,Owen Gregory-Barber41d_3
hduddelle6@scribd.com,Lisa Ali3e8_1
hduddelle6@scribd.com,Lisa Ali3e8_2
hduddelle6@scribd.com,Lisa Ali3e8_3
lscraftone7@digg.com,Gemma Birchc29_1
lscraftone7@digg.com,Gemma Birchc29_2
lscraftone7@digg.com,Gemma Birchc29_3
bvannikove8@icio.us,Carl Williamse51_1
bvannikove8@icio.us,Carl Williamse51_2
bvannikove8@icio.us,Carl Williamse51_3
dferrye9@last.fm,Jean Brennan260_1
mstarkieea@qq.com,Frances Lowe-Griffiths2f2_1
tcockneyeb@artisteer.com,Tom Smith60c_1
tcockneyeb@artisteer.com,Tom Smith60c_2
gclevelyec@purevolume.com,Dr Shane Barnett4b4_1
rstenninged@skyrock.com,Hazel Fraser1b4_1
dsellanee@zdnet.com,Ronald Scott-Howard863_1
dsellanee@zdnet.com,Ronald Scott-Howard863_2
dsellanee@zdnet.com,Ronald Scott-Howard863_3
jplessingef@netlog.com,Sharon Walshd1d_1
fdanovicheg@infoseek.co.jp,Colin Brown-Morris9df_1
fdanovicheg@infoseek.co.jp,Colin Brown-Morris9df_2
bmiliereh@mayoclinic.com,Miss Teresa Huntb9a_1
bmiliereh@mayoclinic.com,Miss Teresa Huntb9a_2
bmiliereh@mayoclinic.com,Miss Teresa Huntb9a_3
ajoselevitzei@about.com,Judith Gill297_1
ajoselevitzei@about.com,Judith Gill297_2
jdomsallaej@dedecms.com,Sam Foster9f9_1
jdomsallaej@dedecms.com,Sam Foster9f9_2
mdehailesek@tripod.com,Mr Norman Rogers0ea_1
nansillel@simplemachines.org,Mr Patrick Davies9e1_1
gschuchmacherem@reverbnation.com,Marian Jenkinsd39_1
rmccaughranen@ftc.gov,Samuel Jonesd4b_1
rmccaughranen@ftc.gov,Samuel Jonesd4b_2
amountaineo@google.co.uk,Dean Lord5f3_1
mdurrellep@bbb.org,Hugh White650_1
llarhameq@sfgate.com,Yvonne Carter349_1
tdoranter@cnbc.com,Brandon Lewis962_1
tdoranter@cnbc.com,Brandon Lewis962_2
dpummeryes@booking.com,Wendy Smith574_1
hclausneret@unc.edu,Lesley Parker4f1_1
nhatherelleu@nih.gov,Miss Lesley Elliott449_1
mcressyev@ed.gov,Jodie Pearsonb5a_1
gromanelliew@bravesites.com,Christine Webb2d1_1
gromanelliew@bravesites.com,Christine Webb2d1_2
fkosex@paypal.com,Mr John Mann5df_1
fkosex@paypal.com,Mr John Mann5df_2
fkosex@paypal.com,Mr John Mann5df_3
pshayey@oaic.gov.au,Harriet Foster2e4_1
pshayey@oaic.gov.au,Harriet Foster2e4_2
pshayey@oaic.gov.au,Harriet Foster2e4_3
mstrachanez@prweb.com,Mrs Gail Arnoldb2b_1
biacomif0@state.tx.us,Dr Natasha Knightd3e_1
biacomif0@state.tx.us,Dr Natasha Knightd3e_2
egheorghescuf1@ucoz.com,Irene Faulkner-Milescba_1
lseilerf2@unblog.fr,Mrs Donna Scotte3d_1
vlouedeyf3@paginegialle.it,Kate Jones-Watts29c_1
ailyinf4@china.com.cn,Dr Bethany King58b_1
ailyinf4@china.com.cn,Dr Bethany King58b_2
eshardf5@wikia.com,Gillian Davies48a_1
astormsf6@eepurl.com,Miss Julie Pearce7e3_1
rmcallenf7@discovery.com,Robert Smith-Sanderson99b_1
prhysf8@acquirethisname.com,Eleanor Cox1bc_1
prhysf8@acquirethisname.com,Eleanor Cox1bc_2
prhysf8@acquirethisname.com,Eleanor Cox1bc_3
dmoohanf9@chron.com,Roger Rose2a7_1
dmoohanf9@chron.com,Roger Rose2a7_2
dmoohanf9@chron.com,Roger Rose2a7_3
phuntonfa@posterous.com,Mr Graeme Butcher879_1
phuntonfa@posterous.com,Mr Graeme Butcher879_2
csopperfb@usda.gov,Miss Fiona Parker25f_1
csopperfb@usda.gov,Miss Fiona Parker25f_2
sbrogifc@loc.gov,Keith Briggs5cc_1
wbernhardifd@state.tx.us,Lawrence Lawrencede1_1
gmarshfieldfe@jalbum.net,Dr Russell Brady59a_1
ahovendenff@washington.edu,Ms Hayley Fullercf7_1
pvanoortfg@blogspot.com,Sandra Lyons743_1
pvanoortfg@blogspot.com,Sandra Lyons743_2
pvanoortfg@blogspot.com,Sandra Lyons743_3
trysomfh@squidoo.com,Mr Brandon Lynchaca_1
trysomfh@squidoo.com,Mr Brandon Lynchaca_2
fromanskifi@yahoo.com,Gerald Mooreb8d_1
fromanskifi@yahoo.com,Gerald Mooreb8d_2
fromanskifi@yahoo.com,Gerald Mooreb8d_3
mchampnissfj@webmd.com,Charlotte Hussain34c_1
abletcherfk@barnesandnoble.com,David Saundersb05_1
dtizardfl@godaddy.com,Darren Lane22f_1
blinzeefm@hud.gov,Kirsty Mills284_1
blinzeefm@hud.gov,Kirsty Mills284_2
blinzeefm@hud.gov,Kirsty Mills284_3
esydefn@icio.us,Mr Antony Young044_1
tfoottitfo@comcast.net,Ruth Shepherdacd_1
tfoottitfo@comcast.net,Ruth Shepherdacd_2
tfoottitfo@comcast.net,Ruth Shepherdacd_3
mguisefp@nsw.gov.au,June Oliver6c3_1
mguisefp@nsw.gov.au,June Oliver6c3_2
mguisefp@nsw.gov.au,June Oliver6c3_3
lludeefq@pagesperso-orange.fr,Janice Thompson772_1
lludeefq@pagesperso-orange.fr,Janice Thompson772_2
lludeefq@pagesperso-orange.fr,Janice Thompson772_3
cgeckefr@yellowpages.com,Vincent Rees898_1
mgavrielifs@myspace.com,Maureen Newman-Phillips9fd_1
hbreffittft@example.com,Danny Young-Turnbulleca_1
wgalliardfu@moonfruit.com,Margaret Mason-Francis6bb_1
pdorgonfv@fc2.com,Marilyn Hill1ef_1
mgormleyfw@dell.com,Barry Chamberlain-Stevensonea8_1
rmarringtonfx@123-reg.co.uk,Jacqueline Barnettca7_1
mladburyfy@dion.ne.jp,Mr Paul Barker0ce_1
eaudryfz@discovery.com,Rachael Simpson703_1
eaudryfz@discovery.com,Rachael Simpson703_2
eaudryfz@discovery.com,Rachael Simpson703_3
ablunng0@opera.com,Jayne Gray-Richards5d5_1
ablunng0@opera.com,Jayne Gray-Richards5d5_2
adodingg1@tamu.edu,Roy Edwards-Thompson9d1_1
adodingg1@tamu.edu,Roy Edwards-Thompson9d1_2
adodingg1@tamu.edu,Roy Edwards-Thompson9d1_3
dtarborng2@vinaora.com,Vincent Giles-Owen98d_1
dtarborng2@vinaora.com,Vincent Giles-Owen98d_2
dtarborng2@vinaora.com,Vincent Giles-Owen98d_3
rmargettsg3@blogtalkradio.com,Kayleigh Thompson-Fowler0b2_1
afouchg4@wiley.com,Miss Jane Adams860_1
kcostardg5@phpbb.com,Ryan Price850_1
amaideng6@cafepress.com,Lindsey Matthews6b2_1
clintotg7@goo.ne.jp,Mr Abdul Green196_1
bmacfaydeng8@51.la,Dr Emily Bartlett865_1
bmacfaydeng8@51.la,Dr Emily Bartlett865_2
pcawsg9@blinklist.com,Roger Ball0b6_1
pcawsg9@blinklist.com,Roger Ball0b6_2
pcawsg9@blinklist.com,Roger Ball0b6_3
iwitherspoonga@prnewswire.com,Grace Perkins220_1
iwitherspoonga@prnewswire.com,Grace Perkins220_2
iwitherspoonga@prnewswire.com,Grace Perkins220_3
ewollergb@topsy.com,Carl Evans436_1
ewollergb@topsy.com,Carl Evans436_2
ewollergb@topsy.com,Carl Evans436_3
ascardgc@about.me,Francis Taylor-Bennett8cb_1
ascardgc@about.me,Francis Taylor-Bennett8cb_2
ascardgc@about.me,Francis Taylor-Bennett8cb_3
chollingbygd@mtv.com,Zoe Chadwickbf1_1
hcowderoyge@arizona.edu,Hilary Perry8de_1
hcowderoyge@arizona.edu,Hilary Perry8de_2
nkneafseygf@sitemeter.com,Angela Hewitt2b8_1
nkneafseygf@sitemeter.com,Angela Hewitt2b8_2
gbazyletsgg@odnoklassniki.ru,Clare Bennett-Sullivan467_1
ysturmgh@chron.com,Donna Wilsonc51_1
ysturmgh@chron.com,Donna Wilsonc51_2
jsloygi@hao123.com,Dr Stephen Matthews6b7_1
abinfieldgj@disqus.com,Rachel Connolly2c8_1
abinfieldgj@disqus.com,Rachel Connolly2c8_2
abinfieldgj@disqus.com,Rachel Connolly2c8_3
ndownesgk@myspace.com,Vanessa Carter8c0_1
ndownesgk@myspace.com,Vanessa Carter8c0_2
ndownesgk@myspace.com,Vanessa Carter8c0_3
froddagl@economist.com,Peter Ahmed-Higginsed7_1
froddagl@economist.com,Peter Ahmed-Higginsed7_2
froddagl@economist.com,Peter Ahmed-Higginsed7_3
sodoireidhgm@printfriendly.com,Dr Clifford Rhodes95b_1
nborastongn@webnode.com,Jodie Reidfe4_1
nborastongn@webnode.com,Jodie Reidfe4_2
dnekrewsgo@pagesperso-orange.fr,Vincent Murray-Johnson12d_1
dnekrewsgo@pagesperso-orange.fr,Vincent Murray-Johnson12d_2
dnekrewsgo@pagesperso-orange.fr,Vincent Murray-Johnson12d_3
cscrowbygp@dedecms.com,Roger Clarke016_1
cscrowbygp@dedecms.com,Roger Clarke016_2
olacasegq@dot.gov,Donald Clark0a5_1
olacasegq@dot.gov,Donald Clark0a5_2
olacasegq@dot.gov,Donald Clark0a5_3
aredmillegr@sbwire.com,Clive Taylor4ef_1
aredmillegr@sbwire.com,Clive Taylor4ef_2
aredmillegr@sbwire.com,Clive Taylor4ef_3
dpriddlegs@yale.edu,Mr Arthur Sykesd5d_1
kthomersongt@clickbank.net,Leah Gordon1c8_1
tluffmangu@auda.org.au,Lesley Jonese52_1
tluffmangu@auda.org.au,Lesley Jonese52_2
tluffmangu@auda.org.au,Lesley Jonese52_3
mensorgv@eventbrite.com,Dr Donald Hall815_1
mensorgv@eventbrite.com,Dr Donald Hall815_2
cflecknogw@cbsnews.com,Dr Sharon Butler1a7_1
cflecknogw@cbsnews.com,Dr Sharon Butler1a7_2
cflecknogw@cbsnews.com,Dr Sharon Butler1a7_3
egreystockgx@surveymonkey.com,Miss Lesley Whiteheada73_1
egreystockgx@surveymonkey.com,Miss Lesley Whiteheada73_2
lshayesgy@rakuten.co.jp,Dr Rhys Wrightb5c_1
fsegotgz@salon.com,Josephine Youngee8_1
fsegotgz@salon.com,Josephine Youngee8_2
fbeckhouseh0@vimeo.com,Dr Jamie Thomasaf0_1
ktribbleh1@webs.com,Douglas Bennett2b0_1
swrintmoreh2@shareasale.com,Lynda Khan-Myers1c2_1
kvolageh3@liveinternet.ru,Ms Laura Fisher939_1
kvolageh3@liveinternet.ru,Ms Laura Fisher939_2
kvolageh3@liveinternet.ru,Ms Laura Fisher939_3
hlowseleyh4@gnu.org,Molly Lloydf89_1
hlowseleyh4@gnu.org,Molly Lloydf89_2
hlowseleyh4@gnu.org,Molly Lloydf89_3
rpristnorh5@goo.ne.jp,Amber Young601_1
rpristnorh5@goo.ne.jp,Amber Young601_2
rpristnorh5@goo.ne.jp,Amber Young601_3
rjowleh6@who.int,Lindsey Henderson-Ellisa48_1
dbullmanh7@amazon.com,Jennifer Smith51d_1
dbullmanh7@amazon.com,Jennifer Smith51d_2
dbullmanh7@amazon.com,Jennifer Smith51d_3
sfolkerdh8@tinypic.com,Nathan Westond91_1
fdimmackh9@earthlink.net,Joan Browna13_1
fdimmackh9@earthlink.net,Joan Browna13_2
fdimmackh9@earthlink.net,Joan Browna13_3
vbowbrickha@blinklist.com,Dr Kerry Roberts4f3_1
dbuntinghb@meetup.com,David Moss056_1
hmalacridahc@wikispaces.com,Mrs Kirsty Freemane8f_1
hmalacridahc@wikispaces.com,Mrs Kirsty Freemane8f_2
hmalacridahc@wikispaces.com,Mrs Kirsty Freemane8f_3
dconkeyhd@netlog.com,Sharon Stanley-Summersd48_1
dconkeyhd@netlog.com,Sharon Stanley-Summersd48_2
gmcdoolhe@spiegel.de,Alexander Parkerc3f_1
gmcdoolhe@spiegel.de,Alexander Parkerc3f_2
gmcdoolhe@spiegel.de,Alexander Parkerc3f_3
owaldrumhf@who.int,Rachel Bond-Lloyd9c6_1
owaldrumhf@who.int,Rachel Bond-Lloyd9c6_2
rnovishg@ibm.com,Olivia Clarkaeb_1
cjammethh@prweb.com,Miss Carol Westb64_1
plimeburnhi@oaic.gov.au,Lindsey Talbot515_1
plimeburnhi@oaic.gov.au,Lindsey Talbot515_2
ahallexhj@mapquest.com,Kathryn Griffithsb97_1
ahallexhj@mapquest.com,Kathryn Griffithsb97_2
pseifferthk@ustream.tv,Helen Kennedyf70_1
gbeddiehl@washingtonpost.com,Miss Barbara Murphy502_1
mratledgehm@joomla.org,Andrew Young-Phillips726_1
sstitsonhn@soundcloud.com,Mr Kevin Barrett9a2_1
cmonahanho@cbsnews.com,Gail Rose7a8_1
jloreyhp@shop-pro.jp,Graeme Chapman756_1
umegarrellhq@jimdo.com,Kayleigh Sinclair331_1
umegarrellhq@jimdo.com,Kayleigh Sinclair331_2
umegarrellhq@jimdo.com,Kayleigh Sinclair331_3
ggreiserhr@msu.edu,Katy Gibsonc01_1
ggreiserhr@msu.edu,Katy Gibsonc01_2
ggreiserhr@msu.edu,Katy Gibsonc01_3
shartfieldhs@thetimes.co.uk,Mrs Margaret Mason409_1
kmaffulliht@house.gov,Fiona Knight989_1
vmcreynoldshu@blogtalkradio.com,Steven Henryff7_1
mwedgwoodhv@squidoo.com,Caroline Chandler6d6_1
mwedgwoodhv@squidoo.com,Caroline Chandler6d6_2
qdomonehw@adobe.com,Dr Mary Davies212_1
qdomonehw@adobe.com,Dr Mary Davies212_2
jwenhamhx@slideshare.net,Amber Ali2f7_1
jwenhamhx@slideshare.net,Amber Ali2f7_2
hgendershy@google.es,Rosie Hyde042_1
awestmorehz@delicious.com,Ellie Hall1f2_1
rthorleyi0@buzzfeed.com,Damian Hughes198_1
rthorleyi0@buzzfeed.com,Damian Hughes198_2
gnosworthyi1@elpais.com,Dr Craig Ward9fa_1
tfawthorpei2@usa.gov,Jay Wright5ea_1
ddolohuntyi3@eepurl.com,Amanda Collier103_1
jcharlini4@hostgator.com,Jeffrey Smith196_1
sbrailsfordi5@is.gd,Trevor Goodwinf66_1
kciccoloii6@nytimes.com,Lynne Brooks520_1
cgernieri7@huffingtonpost.com,Shirley Begum6d3_1
jpebworthi8@usa.gov,Ms Annette Chandler91f_1
jpebworthi8@usa.gov,Ms Annette Chandler91f_2
jpebworthi8@usa.gov,Ms Annette Chandler91f_3
mdonisii9@yolasite.com,Gerard Littlef30_1
mdonisii9@yolasite.com,Gerard Littlef30_2
mdonisii9@yolasite.com,Gerard Littlef30_3
ivateria@cbslocal.com,Leon Powell71e_1
ivateria@cbslocal.com,Leon Powell71e_2
ivateria@cbslocal.com,Leon Powell71e_3
mmellingib@indiegogo.com,Leslie Kellydcc_1
mmellingib@indiegogo.com,Leslie Kellydcc_2
brobbic@ted.com,Mrs Melissa Wilson8af_1
brobbic@ted.com,Mrs Melissa Wilson8af_2
rsallengerid@google.de,Paul Martinab6_1
msachnoie@msn.com,Christopher Lewis-Johnstoned4_1
msachnoie@msn.com,Christopher Lewis-Johnstoned4_2
msachnoie@msn.com,Christopher Lewis-Johnstoned4_3
apocklingtonif@wix.com,Anthony Anderson057_1
apocklingtonif@wix.com,Anthony Anderson057_2
aperigeauxig@wikimedia.org,Dr Danielle Wyattb88_1
aperigeauxig@wikimedia.org,Dr Danielle Wyattb88_2
gfursseih@odnoklassniki.ru,Mr Rhys Russell7cc_1
gfursseih@odnoklassniki.ru,Mr Rhys Russell7cc_2
sdodridgeii@drupal.org,Catherine Morgan-Brennan666_1
sbillsonij@amazon.co.jp,Mrs Katherine Whittakera05_1
bgonik@weather.com,Mr Darren Lyons561_1
fhorryil@blogger.com,Kyle Warddcc_1
fhorryil@blogger.com,Kyle Warddcc_2
fhorryil@blogger.com,Kyle Warddcc_3
mivantsovim@webs.com,Glen Archer-Murphyb81_1
mivantsovim@webs.com,Glen Archer-Murphyb81_2
rcrummeyin@wordpress.com,Callum Robinson0af_1
eeckersallio@oaic.gov.au,Gail Jones0aa_1
msecombeip@geocities.com,Nathan Jackson573_1
ppittsiq@odnoklassniki.ru,Gerard Charlton335_1
lsavouryir@storify.com,Dean Carr9ef_1
jcruftsis@who.int,Albert Knightd67_1
bbussit@slate.com,Mathew Holden647_1
bbussit@slate.com,Mathew Holden647_2
bbussit@slate.com,Mathew Holden647_3
cterrettiu@who.int,Harriet Steele480_1
rattenborrowiv@samsung.com,Ms Anne Collins5cf_1
ashuardiw@pcworld.com,Christian Gibson-Brennanc5e_1
cleatherix@xing.com,Sian Woods074_1
cleatherix@xing.com,Sian Woods074_2
olongfutiy@sfgate.com,Peter Banks-Edwards2dc_1
bparrottiz@ihg.com,Nicole Evansb0c_1
bparrottiz@ihg.com,Nicole Evansb0c_2
aconnalj0@google.cn,Lucy Brady602_1
dsimoesj1@issuu.com,Catherine Owensaf5_1
dsimoesj1@issuu.com,Catherine Owensaf5_2
dsimoesj1@issuu.com,Catherine Owensaf5_3
ukillcrossj2@xinhuanet.com,Samantha Jamesd85_1
omaskallj3@canalblog.com,Melissa Connor806_1
omaskallj3@canalblog.com,Melissa Connor806_2
omaskallj3@canalblog.com,Melissa Connor806_3
sperronij4@360.cn,Pauline Shawba9_1
sperronij4@360.cn,Pauline Shawba9_2
delvinsj5@usda.gov,Sandra Wheeleraa1_1
jpirriej6@springer.com,Janet Preston58a_1
jpirriej6@springer.com,Janet Preston58a_2
jpirriej6@springer.com,Janet Preston58a_3
frechertj7@chron.com,Vincent Johnson857_1
frechertj7@chron.com,Vincent Johnson857_2
dstonhardj8@latimes.com,Keith Wilson-Godfreydd3_1
dstonhardj8@latimes.com,Keith Wilson-Godfreydd3_2
dstonhardj8@latimes.com,Keith Wilson-Godfreydd3_3
skleemanj9@state.tx.us,Glenn Simmons34e_1
hjaszczakja@un.org,Mrs Sandra Bell66d_1
eskittrelljb@ifeng.com,Ellie Wood282_1
eskittrelljb@ifeng.com,Ellie Wood282_2
eskittrelljb@ifeng.com,Ellie Wood282_3
rjuniperjc@webs.com,Mrs Kerry Kelly847_1
rjuniperjc@webs.com,Mrs Kerry Kelly847_2
ddewanejd@businessweek.com,Judith Hussaina76_1
slooneyje@google.pl,Dr Sam Tucker065_1
slooneyje@google.pl,Dr Sam Tucker065_2
slooneyje@google.pl,Dr Sam Tucker065_3
dpedlerjf@bbc.co.uk,Sam Clarkaf0_1
dpedlerjf@bbc.co.uk,Sam Clarkaf0_2
dpedlerjf@bbc.co.uk,Sam Clarkaf0_3
kwiltsherjg@reverbnation.com,Conor Dennis3fa_1
lkubasiewiczjh@artisteer.com,Hilary Burgess5ff_1
veastburyji@ox.ac.uk,Stephanie James9e5_1
veastburyji@ox.ac.uk,Stephanie James9e5_2
kteodorskijj@youtube.com,Ms Kelly Toddd23_1
gbartolomuccijk@businessinsider.com,Sam Smart-Cole880_1
gbartolomuccijk@businessinsider.com,Sam Smart-Cole880_2
gbartolomuccijk@businessinsider.com,Sam Smart-Cole880_3
bmabeejl@vk.com,Mr Lawrence Shepherda24_1
bmabeejl@vk.com,Mr Lawrence Shepherda24_2
bmabeejl@vk.com,Mr Lawrence Shepherda24_3
bbimrosejm@wikispaces.com,Barry Edwards190_1
bbasdenjn@paypal.com,Maureen Payne-French5ae_1
bbasdenjn@paypal.com,Maureen Payne-French5ae_2
bbasdenjn@paypal.com,Maureen Payne-French5ae_3
fkillinerjo@tripod.com,Dr Liam Ahmed013_1
fkillinerjo@tripod.com,Dr Liam Ahmed013_2
trobotthamjp@surveymonkey.com,Dr Tony Murphy641_1
trobotthamjp@surveymonkey.com,Dr Tony Murphy641_2
trobotthamjp@surveymonkey.com,Dr Tony Murphy641_3
aocarrolljq@noaa.gov,Aimee Wright117_1
aocarrolljq@noaa.gov,Aimee Wright117_2
aocarrolljq@noaa.gov,Aimee Wright117_3
msollomjr@arstechnica.com,Gregory Barnett-Thompson99e_1
msollomjr@arstechnica.com,Gregory Barnett-Thompson99e_2
msollomjr@arstechnica.com,Gregory Barnett-Thompson99e_3
cropertjs@ameblo.jp,Michael Poole04e_1
lfrugierjt@liveinternet.ru,Christian Watkins800_1
whartzogju@bing.com,Howard Cooper024_1
whartzogju@bing.com,Howard Cooper024_2
locorranejv@census.gov,Dr Alison Lee468_1
locorranejv@census.gov,Dr Alison Lee468_2
fbowcherjw@liveinternet.ru,Brenda Jonesd07_1
fbowcherjw@liveinternet.ru,Brenda Jonesd07_2
wcardusjx@huffingtonpost.com,Sarah Carter911_1
wcardusjx@huffingtonpost.com,Sarah Carter911_2
wcardusjx@huffingtonpost.com,Sarah Carter911_3
grameletjy@live.com,Elaine Wilson949_1
grameletjy@live.com,Elaine Wilson949_2
grameletjy@live.com,Elaine Wilson949_3
dbertramjz@alibaba.com,Brian Richardson088_1
tfarthink0@cocolog-nifty.com,Mr Dominic Walton1db_1
tfarthink0@cocolog-nifty.com,Mr Dominic Walton1db_2
mbrownsmithk1@live.com,Dr Phillip Gardnerc77_1
mbrownsmithk1@live.com,Dr Phillip Gardnerc77_2
mbrownsmithk1@live.com,Dr Phillip Gardnerc77_3
lfullicksk2@chron.com,Dr Elizabeth Johnson0aa_1
lfullicksk2@chron.com,Dr Elizabeth Johnson0aa_2
lfullicksk2@chron.com,Dr Elizabeth Johnson0aa_3
rvanhovek3@omniture.com,Dr Elliot Smith023_1
rvanhovek3@omniture.com,Dr Elliot Smith023_2
rvanhovek3@omniture.com,Dr Elliot Smith023_3
lhugnink4@google.de,Dr Adrian Nashbe6_1
lculkink5@pcworld.com,Mohammad Jones-Ward945_1
bmoyesk6@moonfruit.com,Mr Elliot Turner533_1
bmoyesk6@moonfruit.com,Mr Elliot Turner533_2
ntomsk7@de.vu,Billy Wright601_1
blindwasserk8@wired.com,Rebecca Wilkins-Jackson91a_1
blindwasserk8@wired.com,Rebecca Wilkins-Jackson91a_2
jbridlek9@issuu.com,Dr Craig Tomlinson8e0_1
glambertzka@facebook.com,Mr Kyle Richardson3fd_1
glambertzka@facebook.com,Mr Kyle Richardson3fd_2
glambertzka@facebook.com,Mr Kyle Richardson3fd_3
bstirtlekb@blogtalkradio.com,Donna Lewis542_1
bstirtlekb@blogtalkradio.com,Donna Lewis542_2
bstirtlekb@blogtalkradio.com,Donna Lewis542_3
atimmermannkc@ocn.ne.jp,Mr Ross McLean4ea_1
jtapekd@cbc.ca,Beth Patel3c5_1
cwignallke@symantec.com,Jeffrey Tylerfa8_1
fpietzkerkf@networkadvertising.org,Sara Price-Adams08a_1
fpietzkerkf@networkadvertising.org,Sara Price-Adams08a_2
fpietzkerkf@networkadvertising.org,Sara Price-Adams08a_3
mquinceykg@theguardian.com,Dr Vincent Smith2c5_1
aschistlkh@trellian.com,Dr Victor Morgan8af_1
kmolderki@cpanel.net,Linda Nolanb1a_1
kmolderki@cpanel.net,Linda Nolanb1a_2
rfeehilykj@amazon.com,Malcolm Baker690_1
rfeehilykj@amazon.com,Malcolm Baker690_2
rfeehilykj@amazon.com,Malcolm Baker690_3
mtellessonkk@sogou.com,Aaron Wattsf44_1
msijmonskl@fotki.com,Mrs Sian Green7f9_1
msijmonskl@fotki.com,Mrs Sian Green7f9_2
msijmonskl@fotki.com,Mrs Sian Green7f9_3
zdavenportkm@go.com,Kieran Mitchell948_1
zdavenportkm@go.com,Kieran Mitchell948_2
zdavenportkm@go.com,Kieran Mitchell948_3
mshillakerkn@uol.com.br,Mr Phillip Poole170_1
mshillakerkn@uol.com.br,Mr Phillip Poole170_2
mshillakerkn@uol.com.br,Mr Phillip Poole170_3
lmosleyko@shop-pro.jp,James Wilson0e1_1
cskeggskp@reddit.com,Jacob Thomas44e_1
akerwenkq@irs.gov,Ms Francesca Reynolds772_1
akerwenkq@irs.gov,Ms Francesca Reynolds772_2
aschoolfieldkr@clickbank.net,Aaron Kaur9d2_1
rughettiks@amazon.co.jp,Ms Abbie Reynolds786_1
cipsleykt@virginia.edu,Scott Smith-Warner999_1
cipsleykt@virginia.edu,Scott Smith-Warner999_2
jobeeku@mapy.cz,Hazel Campbellbb2_1
mprestiekv@miitbeian.gov.cn,Dr Dale Allen89f_1
bkinsettkw@latimes.com,Guy Phillips-Dickinson83f_1
reckartkx@hatena.ne.jp,Daniel Jackson831_1
ooselandky@vk.com,Anne Jonesfaa_1
ooselandky@vk.com,Anne Jonesfaa_2
ooselandky@vk.com,Anne Jonesfaa_3
erowleskz@issuu.com,Martyn Adamsbf7_1
mbeestonl0@mlb.com,Jordan Richardson-Jonese0a_1
emurisonl1@ovh.net,Dr Connor Morgandbc_1
jwittringtonl2@ibm.com,Hugh Cooper12c_1
iprestnerl3@blinklist.com,Josephine Kerrd85_1
iprestnerl3@blinklist.com,Josephine Kerrd85_2
iprestnerl3@blinklist.com,Josephine Kerrd85_3
ctylorl4@bloglines.com,Tony Adams129_1
ctylorl4@bloglines.com,Tony Adams129_2
kknealel5@vinaora.com,Ms Donna Parkinsonfa0_1
kknealel5@vinaora.com,Ms Donna Parkinsonfa0_2
kknealel5@vinaora.com,Ms Donna Parkinsonfa0_3
hclaysonl6@theglobeandmail.com,Carly Hallbef_1
ashavel7@miibeian.gov.cn,Miss Jessica Williams23a_1
pfinlanl8@rakuten.co.jp,Miss Barbara Singh32f_1
pfinlanl8@rakuten.co.jp,Miss Barbara Singh32f_2
pfinlanl8@rakuten.co.jp,Miss Barbara Singh32f_3
mbasilottal9@irs.gov,Samuel O'Neillced_1
mbasilottal9@irs.gov,Samuel O'Neillced_2
smikalskila@nbcnews.com,Lauren Johnsona9f_1
smikalskila@nbcnews.com,Lauren Johnsona9f_2
smikalskila@nbcnews.com,Lauren Johnsona9f_3
gshurmorelb@chron.com,Dawn Butler185_1
gjellicolc@squidoo.com,Philip Baker963_1
aosmarld@cnbc.com,Neil Jarvis59c_1
sverryanle@ca.gov,Dr Shane Finchec1_1
sverryanle@ca.gov,Dr Shane Finchec1_2
sverryanle@ca.gov,Dr Shane Finchec1_3
wdudlestonlf@delicious.com,Alexandra Law631_1
dbinnelg@vk.com,Alan Jones99d_1
rkoomarlh@weibo.com,Katie Bennett801_1
zrosenbuschli@plala.or.jp,Jason Smith-Moran740_1
amaxfieldlj@wisc.edu,Dale Hargreaves-Loweb8b_1
amaxfieldlj@wisc.edu,Dale Hargreaves-Loweb8b_2
iashmentlk@accuweather.com,Joshua Barrett473_1
mguilliattll@pinterest.com,Eileen Humphreys2c6_1
mguilliattll@pinterest.com,Eileen Humphreys2c6_2
scapnerhurstlm@gov.uk,Dr Brenda Norton155_1
scapnerhurstlm@gov.uk,Dr Brenda Norton155_2
pdelunaln@stanford.edu,Dr Valerie Webb05a_1
pdelunaln@stanford.edu,Dr Valerie Webb05a_2
pdelunaln@stanford.edu,Dr Valerie Webb05a_3
dharwoodlo@nsw.gov.au,Samuel Burrows-Lane4a6_1
dharwoodlo@nsw.gov.au,Samuel Burrows-Lane4a6_2
tgallallylp@answers.com,Dr Francis Johnsona84_1
bwoodnuttlq@lycos.com,Eileen Hill-Thompsonf0a_1
bwoodnuttlq@lycos.com,Eileen Hill-Thompsonf0a_2
bwoodnuttlq@lycos.com,Eileen Hill-Thompsonf0a_3
kduhamlr@house.gov,Miss Nicole Lawrence23e_1
pcussenls@discuz.net,Debra Owen-Ahmed3d4_1
pcussenls@discuz.net,Debra Owen-Ahmed3d4_2
pcussenls@discuz.net,Debra Owen-Ahmed3d4_3
asalewaylt@cargocollective.com,Emily Brooksa1b_1
cbarnardolu@usgs.gov,Jade Potts7c5_1
cbarnardolu@usgs.gov,Jade Potts7c5_2
cbarnardolu@usgs.gov,Jade Potts7c5_3
edavidofflv@yolasite.com,Helen Fosterb4a_1
gfrostdickelw@com.com,Ms Maureen Warren91d_1
lheamslx@friendfeed.com,Leslie Hall22a_1
bgamlinly@wisc.edu,Lucy Fraser411_1
bgamlinly@wisc.edu,Lucy Fraser411_2
crousselllz@archive.org,Frederick Jones-Smith76e_1
astoneleym0@craigslist.org,Amelia Gilld3b_1
astoneleym0@craigslist.org,Amelia Gilld3b_2
vhodcroftm1@economist.com,Albert Jones8f8_1
vhodcroftm1@economist.com,Albert Jones8f8_2
vhodcroftm1@economist.com,Albert Jones8f8_3
mliccardim2@tmall.com,Miss Kim Leede5_1
awotherspoonm3@tamu.edu,Michelle Smith96d_1
jturnellm4@clickbank.net,Dale Browne-Dunnf6e_1
ccallinghamm5@imdb.com,Lindsey Parsons13f_1
ccallinghamm5@imdb.com,Lindsey Parsons13f_2
rlastm6@whitehouse.gov,Janet Davis6dd_1
gwankm7@epa.gov,Tina Burrows-Norton771_1
dshreenanm8@mashable.com,Geoffrey Lee92e_1
dshreenanm8@mashable.com,Geoffrey Lee92e_2
dshreenanm8@mashable.com,Geoffrey Lee92e_3
nstodhartm9@whitehouse.gov,Vanessa Lane-Cook92f_1
mbulfordma@shinystat.com,Josephine Cooka22_1
dtesdalemb@dell.com,Dr Damian Allan6a2_1
dtesdalemb@dell.com,Dr Damian Allan6a2_2
dtesdalemb@dell.com,Dr Damian Allan6a2_3
ybraxtonmc@is.gd,Miss Melissa Simpson668_1
ajaggardmd@youtu.be,Jasmine Davies-Miles639_1
wjilkesme@icio.us,Tracy Turneraf6_1
wjilkesme@icio.us,Tracy Turneraf6_2
ahurranmf@hubpages.com,Ms Wendy Brown5d1_1
htwaitsmg@unc.edu,Jason Patel8ad_1
rlepruvostmh@aboutads.info,Mr Michael Hudsonc81_1
vgiacoppomi@google.fr,Mr Jay Cooperb1d_1
vgiacoppomi@google.fr,Mr Jay Cooperb1d_2
vgiacoppomi@google.fr,Mr Jay Cooperb1d_3
gwithamsmj@smugmug.com,Angela Harperb51_1
gwithamsmj@smugmug.com,Angela Harperb51_2
ekimmmk@google.co.uk,Mrs Jade Murray094_1
dheinekeml@scribd.com,Malcolm Yates-Taylorced_1
dheinekeml@scribd.com,Malcolm Yates-Taylorced_2
lfoldsmm@cnet.com,Albert Khance4_1
lfoldsmm@cnet.com,Albert Khance4_2
kcamockmn@dagondesign.com,Dale Heath4ad_1
rdivinamo@cdbaby.com,Allan Kelly7bc_1
rdivinamo@cdbaby.com,Allan Kelly7bc_2
rdivinamo@cdbaby.com,Allan Kelly7bc_3
cmizzimp@biglobe.ne.jp,Hayley Harris3a2_1
cmizzimp@biglobe.ne.jp,Hayley Harris3a2_2
wgiacopellomq@ycombinator.com,Jeffrey Allenced_1
awentmr@histats.com,Megan Williamsf48_1
awentmr@histats.com,Megan Williamsf48_2
sstowgillms@soup.io,Ronald Andersonaf0_1
sstowgillms@soup.io,Ronald Andersonaf0_2
sstowgillms@soup.io,Ronald Andersonaf0_3
jbiernatmt@taobao.com,Dr Diana Leonard070_1
olamdinmu@webmd.com,Wendy Gregory76a_1
amartinollimv@berkeley.edu,Joanne Walker013_1
adysertmw@hc360.com,Francesca Collins33e_1
adysertmw@hc360.com,Francesca Collins33e_2
noelsmx@ftc.gov,Mary Page-Fletcher1b5_1
noelsmx@ftc.gov,Mary Page-Fletcher1b5_2
noelsmx@ftc.gov,Mary Page-Fletcher1b5_3
tmeeremy@google.de,Antony Crawforddd0_1
ckiltiemz@usnews.com,Mr Stewart Anderson8b8_1
wguinnn0@nsw.gov.au,Jayne Patterson4cb_1
wguinnn0@nsw.gov.au,Jayne Patterson4cb_2
tohalleghanen1@google.cn,Ryan Jenkins456_1
tohalleghanen1@google.cn,Ryan Jenkins456_2
uhardwicken2@cdc.gov,Kirsty Harris1a8_1
uhardwicken2@cdc.gov,Kirsty Harris1a8_2
lfaithornn3@yandex.ru,Mr Shane Coles176_1
lfaithornn3@yandex.ru,Mr Shane Coles176_2
dgarnsonn4@buzzfeed.com,Miss Joanne Allenb7c_1
lellcockn5@ucoz.ru,Christine Morgan042_1
twoolisn6@wisc.edu,Charles Gray902_1
folivon7@imgur.com,Miss Janice Jonesd92_1
brichlyn8@archive.org,Billy Alexandercc9_1
brichlyn8@archive.org,Billy Alexandercc9_2
brichlyn8@archive.org,Billy Alexandercc9_3
ucristofarin9@apache.org,Mrs Zoe Pageb60_1
naddisna@wufoo.com,Callum Reid23e_1
naddisna@wufoo.com,Callum Reid23e_2
naddisna@wufoo.com,Callum Reid23e_3
ggouldennb@spotify.com,Miss Dawn White21a_1
gwethericknc@seesaa.net,Mr Malcolm Russell701_1
gwethericknc@seesaa.net,Mr Malcolm Russell701_2
gwethericknc@seesaa.net,Mr Malcolm Russell701_3
jgoodletnd@princeton.edu,Irene Jacksoncec_1
jgoodletnd@princeton.edu,Irene Jacksoncec_2
yfermingerne@stanford.edu,Miss Danielle Jones410_1
glotzenf@princeton.edu,Dr William Gilld01_1
glotzenf@princeton.edu,Dr William Gilld01_2
jlaugierng@google.de,Danny Taylor5dd_1
jlaugierng@google.de,Danny Taylor5dd_2
jlaugierng@google.de,Danny Taylor5dd_3
ziornsnh@paypal.com,Mr Clifford Perryf13_1
swaneni@bloglines.com,Dale Burke36e_1
swaneni@bloglines.com,Dale Burke36e_2
pblucknj@cbc.ca,Alison Carpenter-Watson175_1
pblucknj@cbc.ca,Alison Carpenter-Watson175_2
lsextink@storify.com,Rachael Cooper6b2_1
owoodrownl@state.tx.us,Charlene Martinb35_1
jhamblynm@chronoengine.com,Lauren Peacock8ca_1
cgilksnn@addthis.com,Nicholas Fleming3c1_1
zgathererno@bravesites.com,Clifford Stevenson9ba_1
zgathererno@bravesites.com,Clifford Stevenson9ba_2
zgathererno@bravesites.com,Clifford Stevenson9ba_3
britchingsnp@indiegogo.com,Aimee McCarthy004_1
britchingsnp@indiegogo.com,Aimee McCarthy004_2
britchingsnp@indiegogo.com,Aimee McCarthy004_3
kmcmahonnq@google.de,Sam Taylor3b6_1
kmcmahonnq@google.de,Sam Taylor3b6_2
kmcmahonnq@google.de,Sam Taylor3b6_3
alorienr@indiatimes.com,Dr Bethany Thomas68d_1
nistonns@wufoo.com,Dr Trevor Mistry1d2_1
jcopcuttnt@admin.ch,Paige Kent9fc_1
bfaccininu@myspace.com,Jacob Martin176_1
gluddynv@youtube.com,William Hobbs4a8_1
dbattissonnw@instagram.com,Matthew Briggs055_1
hjennaroynx@princeton.edu,Albert Fullerd22_1
thabbenny@mashable.com,Hannah Stanley570_1
aalmaknz@forbes.com,Jane Cooke-Gordonef7_1
aalmaknz@forbes.com,Jane Cooke-Gordonef7_2
ssydenhamo0@vinaora.com,Jay Marshall-Turner958_1
ssydenhamo0@vinaora.com,Jay Marshall-Turner958_2
cstidsono1@spiegel.de,Ms Paige Lewis3a8_1
cstidsono1@spiegel.de,Ms Paige Lewis3a8_2
cstidsono1@spiegel.de,Ms Paige Lewis3a8_3
thaesliero2@opera.com,Joanna Leed54_1
icantwello3@posterous.com,Mohammed Walters7ac_1
kclanceyo4@google.co.uk,Lauren Chapman6a6_1
hjefferdo5@flickr.com,Charlie Lawrence-Evansb1a_1
hjefferdo5@flickr.com,Charlie Lawrence-Evansb1a_2
hjefferdo5@flickr.com,Charlie Lawrence-Evansb1a_3
lblisso6@ustream.tv,Dr Joel Bell725_1
lblisso6@ustream.tv,Dr Joel Bell725_2
lblisso6@ustream.tv,Dr Joel Bell725_3
mdungeo7@house.gov,Josh Gilbert9c1_1
mdungeo7@house.gov,Josh Gilbert9c1_2
mdungeo7@house.gov,Josh Gilbert9c1_3
ncolquerano8@ftc.gov,Louis Wrightaa7_1
bbuxeyo9@eventbrite.com,Alan Masonb77_1
fcrossbyoa@latimes.com,Elaine Scottb0b_1
atowseob@uol.com.br,Geoffrey Powell-Carter71c_1
atowseob@uol.com.br,Geoffrey Powell-Carter71c_2
atowseob@uol.com.br,Geoffrey Powell-Carter71c_3
ccasfordoc@geocities.com,Mr Scott Blaked12_1
vclohissyod@senate.gov,Kerry Woods-Fletcherf05_1
kmckintyoe@springer.com,Mrs Sylvia Stone48c_1
fmacaneof@tripod.com,Max Walker4de_1
fmacaneof@tripod.com,Max Walker4de_2
vpaolicchiog@dmoz.org,Christopher Cox-Bentley407_1
vpaolicchiog@dmoz.org,Christopher Cox-Bentley407_2
vpaolicchiog@dmoz.org,Christopher Cox-Bentley407_3
ghealyoh@baidu.com,Marion Miah0ce_1
zpickworthoi@theatlantic.com,Ricky Prestonc14_1
sspadottooj@tinypic.com,Fiona Green-Haynes32d_1
sspadottooj@tinypic.com,Fiona Green-Haynes32d_2
jidellok@creativecommons.org,Mr Henry James299_1
thaweol@qq.com,Dr Catherine Hyde84d_1
thaweol@qq.com,Dr Catherine Hyde84d_2
aredsellom@mtv.com,Mr Donald Gordona50_1
aredsellom@mtv.com,Mr Donald Gordona50_2
aredsellom@mtv.com,Mr Donald Gordona50_3
fnorcrosson@w3.org,Mohammed Jones4e0_1
cvaughanhughesoo@goo.ne.jp,Julie Jones-Robinsona29_1
hcaseroop@topsy.com,Kimberley Hancockafc_1
hcaseroop@topsy.com,Kimberley Hancockafc_2
equantrelloq@usda.gov,Samuel Jordan487_1
lferonetor@netscape.com,Ms Charlene Davidsond47_1
dqueripelos@nbcnews.com,Elliott Wells493_1
abuesdenot@amazonaws.com,Brian Johnson82d_1
abuesdenot@amazonaws.com,Brian Johnson82d_2
jdarraghou@youtu.be,Hollie Parsonsfd8_1
sbartramov@jigsy.com,Bruce Harris5a1_1
sbartramov@jigsy.com,Bruce Harris5a1_2
sbartramov@jigsy.com,Bruce Harris5a1_3
ccrottaghow@ox.ac.uk,Julia Williams-Lowe77b_1
ccrottaghow@ox.ac.uk,Julia Williams-Lowe77b_2
zclapstonox@mozilla.com,Luke Johnsonf40_1
lbroggiooy@google.com.br,Mrs Irene Hart139_1
mblinmanoz@arstechnica.com,Lindsey Collins9fe_1
jopenshawp0@smh.com.au,Joanne Davisona48_1
ghaffnerp1@deviantart.com,Molly Adams3fb_1
alangmanp2@youku.com,Trevor Chan62a_1
alangmanp2@youku.com,Trevor Chan62a_2
alangmanp2@youku.com,Trevor Chan62a_3
sgodfreyp3@over-blog.com,Ronald Parkin055_1
pdellowp4@globo.com,Billy Iqbal017_1
pdellowp4@globo.com,Billy Iqbal017_2
rjerremsp5@squarespace.com,Sara Cox466_1
oatwoodp6@drupal.org,Miss Paige Garner39f_1
oatwoodp6@drupal.org,Miss Paige Garner39f_2
oatwoodp6@drupal.org,Miss Paige Garner39f_3
cgwatkinp7@tuttocitta.it,Joel Hughesf17_1
sskydallp8@psu.edu,Carole Dodd905_1
aburgesp9@ycombinator.com,Dr Craig Tucker9ee_1
jbibbypa@dmoz.org,Dorothy Barry2f3_1
lvanhaeftenpb@edublogs.org,Natasha Marsh792_1
fcunniffepc@studiopress.com,Mr Frank Jenningsda5_1
dgummpd@businesswire.com,Cameron Hayward4c5_1
skensholepe@de.vu,Dr Frank Read16a_1
vcasselspf@marriott.com,Claire Green270_1
blinkiepg@sourceforge.net,Miss Grace Thomas2f5_1
blinkiepg@sourceforge.net,Miss Grace Thomas2f5_2
jpatricheph@stanford.edu,Pamela Morris64c_1
cdrancepi@twitter.com,Patrick Collins-Barker77a_1
cdrancepi@twitter.com,Patrick Collins-Barker77a_2
cdrancepi@twitter.com,Patrick Collins-Barker77a_3
lkestevenpj@hugedomains.com,Helen Smith3c5_1
tlevetpk@eepurl.com,Julie Lees-Hardingc61_1
agrigolonpl@theatlantic.com,Melanie Kennedyfc0_1
agrigolonpl@theatlantic.com,Melanie Kennedyfc0_2
agrigolonpl@theatlantic.com,Melanie Kennedyfc0_3
urasorpm@geocities.jp,Amelia Poolebfc_1
urasorpm@geocities.jp,Amelia Poolebfc_2
tkastingpn@mozilla.com,Marie Harrisone13_1
afebrypo@craigslist.org,Dr Josh Blake12f_1
afebrypo@craigslist.org,Dr Josh Blake12f_2
hhowseleepp@mysql.com,Diana Page-Stone886_1
hhowseleepp@mysql.com,Diana Page-Stone886_2
hhowseleepp@mysql.com,Diana Page-Stone886_3
urosbroughpq@chron.com,Paige Ford124_1
creynaldspr@wp.com,Irene Allen830_1
ptuxillps@indiegogo.com,Sally Reid0c8_1
lstandellpt@addthis.com,Carl Rogers-Clarke629_1
lstandellpt@addthis.com,Carl Rogers-Clarke629_2
lstandellpt@addthis.com,Carl Rogers-Clarke629_3
tnightingalepu@jalbum.net,Billy Dodd-Abbotta0a_1
tnightingalepu@jalbum.net,Billy Dodd-Abbotta0a_2
ghunnaballpv@unc.edu,Mr Frank Cunningham11a_1
ghunnaballpv@unc.edu,Mr Frank Cunningham11a_2
fmulfordpw@fc2.com,Susan Gibson133_1
acorbetpx@slideshare.net,Francesca Farmerdd8_1
acorbetpx@slideshare.net,Francesca Farmerdd8_2
acorbetpx@slideshare.net,Francesca Farmerdd8_3
mmcillroypy@ca.gov,Mr Barry Bell10e_1
mmcillroypy@ca.gov,Mr Barry Bell10e_2
mmcillroypy@ca.gov,Mr Barry Bell10e_3
wdickerlinepz@ehow.com,Christopher Foxe56_1
wdickerlinepz@ehow.com,Christopher Foxe56_2
wdickerlinepz@ehow.com,Christopher Foxe56_3
gurchq0@arstechnica.com,Josephine Smith485_1
bmedgwickq1@nasa.gov,Dr Sam Slaterf66_1
bmedgwickq1@nasa.gov,Dr Sam Slaterf66_2
bmedgwickq1@nasa.gov,Dr Sam Slaterf66_3
dbuardq2@fda.gov,Heather Jacksonc84_1
askipperbottomq3@youtu.be,Ms Josephine Batesbdd_1
askipperbottomq3@youtu.be,Ms Josephine Batesbdd_2
askipperbottomq3@youtu.be,Ms Josephine Batesbdd_3
csmallthwaiteq4@macromedia.com,Guy Andrewsad8_1
csmallthwaiteq4@macromedia.com,Guy Andrewsad8_2
bkitchenerq5@joomla.org,Dr Jake Laneaaf_1
bkitchenerq5@joomla.org,Dr Jake Laneaaf_2
bkitchenerq5@joomla.org,Dr Jake Laneaaf_3
bstewartsonq6@dot.gov,Nicholas Robertsb36_1
bstewartsonq6@dot.gov,Nicholas Robertsb36_2
bstewartsonq6@dot.gov,Nicholas Robertsb36_3
cakhurstq7@upenn.edu,Mr Kieran Martin900_1
erosewallq8@over-blog.com,Dr Nigel Reeda27_1
wmadgwichq9@so-net.ne.jp,Cheryl Carey602_1
wmadgwichq9@so-net.ne.jp,Cheryl Carey602_2
lschollerqa@cdc.gov,Rita Lloyd-Leebcc_1
lschollerqa@cdc.gov,Rita Lloyd-Leebcc_2
fpetrelluzziqb@oaic.gov.au,Gerald Chapman-Pritcharde59_1
fpetrelluzziqb@oaic.gov.au,Gerald Chapman-Pritcharde59_2
fpetrelluzziqb@oaic.gov.au,Gerald Chapman-Pritcharde59_3
wthistletonqc@mozilla.com,Mr Eric Parkerfdc_1
mlettyqd@tumblr.com,Dr Sean Hudsonb71_1
cbernhardtqe@joomla.org,Alice Brownf1a_1
seastwellqf@ehow.com,Shane Baldwine81_1
icarolineqg@amazon.co.uk,Dr Benjamin Leonardd94_1
icarolineqg@amazon.co.uk,Dr Benjamin Leonardd94_2
icarolineqg@amazon.co.uk,Dr Benjamin Leonardd94_3
jdoubledayqh@arstechnica.com,Dr Sandra Jones972_1
gkeaseyqi@alibaba.com,Howard Tucker325_1
nvongladbachqj@technorati.com,Jordan Sullivan-Turnerb51_1
nvongladbachqj@technorati.com,Jordan Sullivan-Turnerb51_2
nvongladbachqj@technorati.com,Jordan Sullivan-Turnerb51_3
kjobinqk@guardian.co.uk,Kathryn Smitha61_1
cschurckeql@1688.com,Samantha Newton-Ford23f_1
cschurckeql@1688.com,Samantha Newton-Ford23f_2
ocrinionqm@blog.com,Benjamin Wilkinson0a5_1
jraysdaleqn@newyorker.com,Beverley Burtonbfa_1
acroshamqo@bing.com,Karl Wood-Walkere57_1
kdecarloqp@webeden.co.uk,Cameron Ford486_1
aansterqq@about.me,Julia Johnson71b_1
hflaunierqr@example.com,Valerie Murrayac3_1
hflaunierqr@example.com,Valerie Murrayac3_2
npendleqs@ning.com,Alan Pugh409_1
dinglesentqt@ning.com,Andrew Baxter-Burton1eb_1
kebhardtqu@miibeian.gov.cn,Angela Lord-Graham9c2_1
brabsonqv@chicagotribune.com,Stacey Jones6d2_1
brabsonqv@chicagotribune.com,Stacey Jones6d2_2
brabsonqv@chicagotribune.com,Stacey Jones6d2_3
haytonqw@pagesperso-orange.fr,Natasha Johnson680_1
gbesseqx@yahoo.com,Josh Collins-Page110_1
nmoncarrqy@google.nl,Dr Ben Hill79e_1
nmoncarrqy@google.nl,Dr Ben Hill79e_2
lmaylinqz@slideshare.net,Victor Atkinson278_1
lmaylinqz@slideshare.net,Victor Atkinson278_2
lmaylinqz@slideshare.net,Victor Atkinson278_3
rcawter0@tmall.com,Mrs Bethan Warde61_1
dpiresr1@mozilla.org,Danielle Edwards401_1
dpiresr1@mozilla.org,Danielle Edwards401_2
cpiler2@mit.edu,Georgina Haynes9d6_1
awhitebrookr3@example.com,Catherine Roberts012_1
awhitebrookr3@example.com,Catherine Roberts012_2
fwreifordr4@google.cn,Andrew Sims006_1
bwitchellr5@lycos.com,Marc Hunt-Jones3f8_1
bwitchellr5@lycos.com,Marc Hunt-Jones3f8_2
ghadleer6@hc360.com,Dr Joe Harveyfd6_1
ghadleer6@hc360.com,Dr Joe Harveyfd6_2
ocubberleyr7@booking.com,Mr Gerald Richardson5e1_1
sbeddonr8@abc.net.au,Julie Lawrence60b_1
anisbithr9@ameblo.jp,Patrick Davies00f_1
frichemondra@eventbrite.com,Mr Hugh Robertsab2_1
lrameauxrb@github.com,Dr Marc Taylor8e9_1
dvasentsovrc@biglobe.ne.jp,Ms Alice Gray69c_1
dvasentsovrc@biglobe.ne.jp,Ms Alice Gray69c_2
pgreimrd@foxnews.com,Ronald North9d7_1
pgreimrd@foxnews.com,Ronald North9d7_2
pgreimrd@foxnews.com,Ronald North9d7_3
fballre@gov.uk,Patricia Hughes28f_1
amuzzillorf@hc360.com,Graham Evans523_1
amuzzillorf@hc360.com,Graham Evans523_2
tjayrg@census.gov,Megan Jones29f_1
tjayrg@census.gov,Megan Jones29f_2
ccullivanrh@prweb.com,Susan Kaurac1_1
ccullivanrh@prweb.com,Susan Kaurac1_2
dsjostromri@technorati.com,Graeme Reevesdec_1
dsjostromri@technorati.com,Graeme Reevesdec_2
cdawburyrj@buzzfeed.com,Jasmine Khan030_1
flukockrk@usa.gov,Alexander Kaura63_1
flukockrk@usa.gov,Alexander Kaura63_2
ggolsworthyrl@is.gd,Barry Kemp-Spencer91c_1
