,email,Fake_email
0,fguinness0@yolasite.com,Keith Bull25a
1,fdebenham1@si.edu,Lawrence Martin6bf
2,lleband2@hao123.com,Grace Thorntonc3d
3,sbartolommeo3@imgur.com,Brian Ellis-Smith42c
4,ebraben4@xing.com,Miss Maureen Kellye4c
5,dsich5@wix.com,Eileen Marshallcb5
6,iredfearn6@illinois.edu,Miss Jennifer Wheelercc7
7,clammin7@uol.com.br,George Smith684
8,lhedde8@delicious.com,Mr Dale Wilson793
9,ioffer9@disqus.com,Mr Peter Howeb69
10,srigmonda@go.com,Amy Hill56a
11,mlarouxb@linkedin.com,Sara Armstrong2b1
12,pdictec@marketwatch.com,Geraldine Sanders925
13,bgethoused@latimes.com,Dr Brenda Jones727
14,ascaifee@chronoengine.com,Lynne Dixon03d
15,charbinf@prweb.com,Clive Charltoneb8
16,dmicallefg@marriott.com,Georgina Hardingd4f
17,dabelovh@soundcloud.com,Mr Andrew Davies15f
18,ndanbii@fotki.com,Dr Lauren Jarvise26
19,htirreyj@paypal.com,Ms Diana Blackburn92f
20,mwilcoxk@livejournal.com,Mrs Michelle Sanders751
21,dcowel@lulu.com,Samantha Mason867
22,kpantonem@sciencedaily.com,Jill Howardab9
23,lwaggittn@boston.com,Mr Arthur Gouldfa4
24,bfawthropo@yahoo.co.jp,Melissa Ward-Jonesbaf
25,sgodsellp@blogspot.com,Teresa Nortonbd3
26,gjornq@webnode.com,Denis Howell-Franklin811
27,nvermanr@yale.edu,Michael Alid64
28,hchappels@shinystat.com,Dr Stephanie Thompson0eb
29,amccutcheont@4shared.com,Mr Leslie Webster75c
30,cbeckensallu@yellowbook.com,Geoffrey Brooks-Clarkd0d
31,jgertv@apple.com,Kelly Bolton-Fletcher393
32,vwaszkiewiczw@ezinearticles.com,Dr Alexander Collinsbcc
33,tebblesx@senate.gov,Conor Griffin-Richardsbae
34,ztomlinsony@ifeng.com,Charles King6c9
35,gervinez@pagesperso-orange.fr,Dr Gerard Baldwin4ea
36,kdulwitch10@springer.com,Charlie Harrison73d
37,bdener11@state.tx.us,Bradley Cunninghame56
38,hyakovliv12@webmd.com,Jay Cox913
39,dgard13@toplist.cz,Debra Davies-Davis56f
40,lsaltwell14@i2i.jp,Keith Lewis917
41,mstyle15@rediff.com,Harriet Hewitt62a
42,tivasyushkin16@weibo.com,Alexandra Jarvis1f1
43,ybourcq17@symantec.com,Joan Doylee2c
44,msadry18@jiathis.com,Kevin Harrison8fa
45,wtidbury19@dedecms.com,Rosemary Newton54e
46,rcrambie1a@fastcompany.com,Bethany Parkes892
47,acollins1b@nydailynews.com,Mr Ian Griffiths83e
48,clewsam1c@prweb.com,Kenneth Hughes001
49,zfellman1d@smh.com.au,Cameron Saunders6fd
50,handers1e@pbs.org,Kathleen Collinsb76
51,cboolsen1f@tinyurl.com,Henry Smith823
52,tlewington1g@pcworld.com,Mrs Bethany Dennise51
53,sothen1h@oracle.com,Dr Mohammad Smith719
54,laven1i@pen.io,Leon Thomas25b
55,gsquirrell1j@businessweek.com,Ms Frances Porterffd
56,rhalfacre1k@google.com.au,Mitchell Adams884
57,lwhitbread1l@forbes.com,Emily Mossc27
58,rhoolaghan1m@wiley.com,Beth Bakerc91
59,bcathery1n@shareasale.com,Iain Fieldeee
60,tbesson1o@bing.com,Ben Greenwood84a
61,cbroschek1p@google.it,Dr Christian Thomasf0c
62,fnoor1q@behance.net,Dr Carly Holmes99f
63,tboxall1r@aol.com,Carl Fosterdf0
64,mbeagen1s@elegantthemes.com,Georgina Dawsond8d
65,flibreros1t@list-manage.com,Ms Debra Jonesc65
66,krens1u@uiuc.edu,Mrs Emily Barnes86b
67,rasgodby1v@unc.edu,Molly Stevenson244
68,jchristal1w@furl.net,Georgia Davisona30
69,ajohnstone1x@nhs.uk,Ellie Lambert56b
70,jdenidge1y@pcworld.com,Catherine Taylor582
71,cjirousek1z@skyrock.com,Dr Alexander Moore436
72,dzold20@nytimes.com,Brenda Gray0e8
73,mboynes21@google.de,Mr Graham Bartlettb6d
74,anewson22@networkadvertising.org,Leigh Bell497
75,jschubert23@time.com,Maurice Hawkins96e
76,kbrownsett24@forbes.com,Stuart Curtisf5f
77,nroust25@fastcompany.com,Dr Martyn Barker8fd
78,ljemmison26@yellowpages.com,Mrs Mandy Johnson031
79,tpatterson27@netscape.com,Mr Louis O'Connorb14
80,phelin28@shinystat.com,Terence Fletcherdc4
81,jlaundon29@aboutads.info,Christopher Howarthafc
82,jcordingley2a@toplist.cz,Mr Ronald Thomasdf0
83,vshire2b@bloglines.com,Gerard Hewitt12e
84,bvarley2c@accuweather.com,Dr Toby Morrisa79
85,adiggin2d@booking.com,Ms Frances Holland620
86,eparkhouse2e@livejournal.com,Hannah Simmons-Johnsonc49
87,bmacclinton2f@vk.com,Abdul Abbott408
88,kdrinkeld2g@shareasale.com,Dr Mary Akhtar4cc
89,pdarrell2h@forbes.com,Rita Pollard50f
90,clongstreet2i@sakura.ne.jp,Alan Thorpe-Collins391
91,mambler2j@slashdot.org,Leonard Walsh2cd
92,mtheurer2k@gizmodo.com,Dr Paul Adams79b
93,ceagland2l@census.gov,Karen Perry541
94,bouldred2m@oakley.com,Ms Frances Fowlerbf8
95,lruvel2n@canalblog.com,Natalie Holmes7be
96,abeek2o@dyndns.org,Matthew Fletcher366
97,wharken2p@gizmodo.com,Ms Charlene Russella7b
98,bcupitt2q@ted.com,Jonathan Roberts-Hancock57b
99,mraden2r@xing.com,Ms Teresa Howard4eb
100,grevely2s@unesco.org,Ms Laura Gardner1f4
101,rsongust2t@hao123.com,Dr Phillip Jones65d
102,wbeckers2u@biglobe.ne.jp,Mrs Lynda Wilson05c
103,gyurivtsev2v@pagesperso-orange.fr,Mrs Mandy Hurstda3
104,sjerke2w@paypal.com,Lynda Lynch435
105,shankey2x@purevolume.com,Joan Walker-Bibi7c8
106,bsivewright2y@tmall.com,Lorraine Hammond4f1
107,hrosborough2z@weebly.com,John Berry513
108,rhousen30@livejournal.com,Rosie Jackson765
109,teunson31@ask.com,Dr Frank Matthews7e1
110,hsharer32@tripadvisor.com,Mr Philip Whitefe2
111,lcodi33@comsenz.com,Shirley Evansfe3
112,cbogue34@engadget.com,Toby Jackson-Richards443
113,dellaway35@hhs.gov,John Evans2c7
114,dishak36@census.gov,Lydia Day-Dunnb79
115,aney37@youtube.com,Derek Ferguson511
116,ajarman38@techcrunch.com,Suzanne Walton9c7
117,livankovic39@tumblr.com,Philip Davisdb9
118,ctrapp3a@fotki.com,Mr Guy Watson773
119,cscartifield3b@amazon.com,Mr Max Thomson494
120,cbernaciak3c@deliciousdays.com,Mr Jeremy O'Neillef6
121,epilkington3d@tinypic.com,Hilary Campbelld2e
122,ngenge3e@paypal.com,Edward Dickinson9c6
123,kchurchill3f@is.gd,Lawrence Carr619
124,aheaford3g@live.com,Mr Peter Brown01b
125,pwardell3h@uiuc.edu,Louis Thomasceb
126,brotge3i@icio.us,Louis Holte0b
127,lmccorry3j@hubpages.com,Gary Owens427
128,bmarshallsay3k@phpbb.com,Harriet Adams2d2
129,wrebanks3l@paginegialle.it,Darren Brennan8c5
130,lgosney3m@usda.gov,Jean Potter792
131,rmcinnery3n@example.com,Shirley Smithbde
132,pvern3o@behance.net,Luke Taylorc15
133,patley3p@twitpic.com,Georgina Hayward-Yatesb3b
134,kvonasek3q@unc.edu,Ms Ashleigh Dunn78e
135,bfearnsides3r@miibeian.gov.cn,Charles Harperad3
136,dreddel3s@elpais.com,Stephanie Daviesf3b
137,lpolk3t@about.com,Rosie Coatesa69
138,amelbourne3u@squidoo.com,Tracy Ward72e
139,hbarrell3v@disqus.com,Helen Hodgson04b
140,cwedmore3w@dropbox.com,Harriet O'Neilla3c
141,mmingay3x@noaa.gov,Ms Joanna Alibd3
142,agregs3y@twitter.com,Natasha Dixond4e
143,wacors3z@bbc.co.uk,Margaret Ford-Perrya65
144,adunphy40@reference.com,Mr Paul Warrene97
145,kbeldan41@privacy.gov.au,Martyn Howell3a3
146,bpioch42@tiny.cc,Mr Jason Bibi43c
147,rwealleans43@godaddy.com,Lorraine Barnettec3
148,pricciardelli44@eventbrite.com,Samuel Ferguson8fd
149,fmaginn45@theglobeandmail.com,Darren Harding66e
150,vminghetti46@uiuc.edu,Dr Sam Huntb48
151,dstandering47@shareasale.com,Ryan Birdba1
152,ljorn48@4shared.com,Dr Ryan Brooks597
153,qbentley49@fastcompany.com,Tracy Lloydddc
154,dwillgrass4a@w3.org,Sheila Collins-Adamscba
155,twoloschinski4b@csmonitor.com,Beth Dixon934
156,mbeadham4c@opera.com,Iain Young1d6
157,ayarrall4d@netscape.com,Mrs Lydia Brookesf01
158,bosheerin4e@businessweek.com,Tom Leesdfe
159,apickless4f@domainmarket.com,Mr Kyle Stevens3a8
160,wutton4g@sbwire.com,Kim Smith5a9
161,bjiroutka4h@gravatar.com,Leonard Kaurfce
162,mbrader4i@flavors.me,Adrian Morris52a
163,gayars4j@dagondesign.com,Gerald Brennana77
164,dvanbaaren4k@timesonline.co.uk,Bethan Ali-Clarkef3
165,eshayes4l@nature.com,Clare Wells915
166,rpierri4m@chronoengine.com,Mrs Jane Peterseb1
167,tspradbery4n@boston.com,Michelle Crawford8e9
168,agooddy4o@princeton.edu,Joanne Lane9fd
169,dradeliffe4p@about.me,Deborah Thomas-Wilsone53
170,dlippard4q@sbwire.com,Douglas Hussain95f
171,mellard4r@reddit.com,Garry Patel08e
172,cgross4s@unblog.fr,Mrs Marian Harrisonf71
173,remmet4t@elegantthemes.com,Derek Evans-Matthewsc8a
174,cyard4u@vk.com,Mr Abdul Bartlett3ca
175,rhackin4v@imageshack.us,Victoria Collinsa00
176,sfranzel4w@tinyurl.com,Terry Readae3
177,kdarleston4x@simplemachines.org,Dennis Newman-Thomasd5f
178,aokenden4y@prnewswire.com,Aimee Clarkd1b
179,tflello4z@ovh.net,Timothy Barrett43f
180,bbeloe50@lulu.com,Gerald Bartonace
181,mconers51@intel.com,Benjamin Balld0a
182,gvautrey52@furl.net,Dr Nicola Morton2b8
183,areitenbach53@goodreads.com,Mr Graham Scottba8
184,rcritchell54@senate.gov,Eleanor Jones8b0
185,ccreane55@disqus.com,Miss Annette Harris51a
186,hkinglake56@4shared.com,Sheila Howard924
187,msharnock57@reference.com,Amelia Berry-Harris43d
188,ekilsby58@cbsnews.com,Dr Tony Patel110
189,zgraysmark59@washingtonpost.com,Debra Mills527
190,gtopling5a@sakura.ne.jp,Jay Scott0b4
191,mtorresi5b@friendfeed.com,Mrs Sara Khan265
192,rterran5c@patch.com,Josh Bennett871
193,cserrell5d@w3.org,Sally Whiteb05
194,cdickerline5e@shinystat.com,Ms Mary Williamsd99
195,wjobbins5f@mail.ru,Jay Reynoldsadf
196,srigglesford5g@patch.com,Julian Gibson7a7
197,dbroseman5h@merriam-webster.com,Kenneth Ahmed74e
198,akimmince5i@friendfeed.com,Miss Patricia Russell133
199,dstoggles5j@nyu.edu,Nigel Leach35a
200,msouth5k@go.com,Mr George Hurst02e
201,tchyuerton5l@dropbox.com,Katie Wrighteb3
202,cgallego5m@newyorker.com,Lauren Wong173
203,gcastano5n@harvard.edu,Mr Leslie Hayward02d
204,dmelross5o@addthis.com,Samuel Jones89d
205,sfawlkes5p@mozilla.org,Cameron Shaheb5
206,cloadsman5q@technorati.com,Lynne West773
207,mburbank5r@prweb.com,Dr Nicholas Douglas1ef
208,sbauduccio5s@mozilla.com,Dr Yvonne Ellis44f
209,lpizey5t@wufoo.com,Kathleen Ward452
210,tgrattage5u@washington.edu,Ms Gail Wells289
211,flangan5v@discovery.com,Julie Williams2ae
212,mandrzejewski5w@aboutads.info,Frederick Johnson01f
213,hphilipsen5x@shareasale.com,Douglas Williams8da
214,acoales5y@moonfruit.com,Charles Coxca5
215,dmaase5z@bizjournals.com,Joshua Heath400
216,ppawlick60@geocities.jp,Stacey Noble7e6
217,mquirk61@trellian.com,Dr Brenda Douglase3b
218,tgoldingay62@woothemes.com,Ms Lynne Baldwin580
219,msunman63@army.mil,Brenda Jones8d3
220,hgawn64@pcworld.com,Dr Timothy Fox528
221,kcrumly65@joomla.org,Rosie Shahb70
222,gjakoub66@devhub.com,Ms Zoe Davey144
223,astruan67@un.org,Jake Turner651
224,iondrich68@blogger.com,Mr Robert Wood0aa
225,kmontrose69@forbes.com,Jayne Norton263
226,rphillcox6a@state.tx.us,Ms Jayne Humphreys521
227,jaberhart6b@google.fr,Donna White-Coxec4
228,vwardlow6c@mapquest.com,Karl Kelly2b1
229,iheadan6d@gnu.org,Trevor Hooper801
230,bodo6e@exblog.jp,Paige Wilsonbed
231,mbraxay6f@blogger.com,Mr Adrian Murray8b5
232,rdearth6g@army.mil,Mr Samuel Hale5f8
233,uhodgins6h@deviantart.com,Marilyn Hunter75a
234,lgatman6i@amazon.co.jp,Gerald Owenaa8
235,bliverock6j@google.co.uk,Dr Philip Poped8b
236,nnodes6k@vkontakte.ru,Conor Smithf1c
237,ckingdom6l@weather.com,Lynda Coleman8d3
238,dattawell6m@facebook.com,Alex Iqbal-Hancock062
239,jcopner6n@xing.com,Mrs Amelia Lowe2ba
240,vnorkutt6o@kickstarter.com,Mrs Carly Owen647
241,cmccaighey6p@dagondesign.com,Miss Anne Harris4c6
242,rslot6q@joomla.org,Keith Edwards0bb
243,wsmitton6r@exblog.jp,Iain Hill1f9
244,ymarchbank6s@webeden.co.uk,Mr Toby Claytonf62
245,gmitchelmore6t@wix.com,Kathryn Parker2d2
246,wgonoude6u@wiley.com,Mr Alan Hall399
247,efearnyough6v@go.com,Molly Robinson-Saundersb18
248,jroseburgh6w@prlog.org,Kate Kelly2b2
249,mmathers6x@un.org,Linda Jackson685
250,tlindsell6y@chronoengine.com,Ryan Giles1d1
251,vhryniewicz6z@eventbrite.com,Mr Terry Carter9d6
252,kkynman70@nymag.com,Kevin Dodd69b
253,eguitte71@cnbc.com,Mr Neil Osborne945
254,vchurchyard72@joomla.org,Brenda Ellis2bf
255,nsturte73@bloglines.com,Leslie Marsh653
256,smccaughran74@geocities.jp,Ms Tina Connollyfa2
257,rharman75@devhub.com,Mr Robert Pugh094
258,faldins76@edublogs.org,Steven Hudson8f4
259,amcgarva77@seattletimes.com,Mr Edward Robinson36a
260,acecchi78@blogger.com,Mr Luke Richardson36e
261,bjaqueme79@uiuc.edu,Dr Kathleen Foxd27
262,joutridge7a@taobao.com,Jamie Dawson-Allen544
263,vpriddie7b@independent.co.uk,Maurice Smith934
264,cmillott7c@usa.gov,Marilyn Gray4fa
265,imacclenan7d@salon.com,Anthony Dennisd19
266,lsavill7e@sciencedaily.com,Ross Johnson-Barton388
267,jtrytsman7f@imdb.com,Dr Lorraine Dale1ea
268,lximenez7g@sciencedaily.com,Mr Owen Woodward452
269,zattenbarrow7h@alibaba.com,Joel O'Briena02
270,pchazotte7i@time.com,Gregory Fisher330
271,pholgan7j@answers.com,Jacob Gilbert-Martinb7d
272,bgurko7k@barnesandnoble.com,Dr Ricky Bennett875
273,amattosoff7l@etsy.com,Brenda Clayton71d
274,gdawes7m@yelp.com,Joe Gallagherc0a
275,cleask7n@skyrock.com,Julia Richardson009
276,bgiorgielli7o@lycos.com,Steven Thompson-Alexanderff6
277,ccrudginton7p@weather.com,Ellie Burrows451
278,gbeardsall7q@blogger.com,Mr Jordan Norton904
279,hnoriega7r@amazon.co.jp,Dr Ashleigh Carrc1a
280,mwatting7s@indiegogo.com,Katy Clarkeec1
281,oscrange7t@cornell.edu,Julia Smithf98
282,asivills7u@tripadvisor.com,Mr Jeremy Chamberlain030
283,mbrockherst7v@squarespace.com,Mr Ronald Kaur0cf
284,hthomelin7w@cafepress.com,Dr Maurice Cook48f
285,astolworthy7x@wikispaces.com,Mrs Nicole Clarke072
286,jdiemer7y@oakley.com,Mathew Rowleyb9e
287,warchbutt7z@ted.com,Albert Watkins7ca
288,ubysaker80@gov.uk,Chloe Roberts-Morrisb9b
289,wbesantie81@last.fm,Bethan Walkera4a
290,yfarrans82@ftc.gov,Raymond Phillipsafc
291,agoricke83@zimbio.com,Eric Flemingf0d
292,nlydford84@loc.gov,Marilyn Williamse4d
293,fsibylla85@ed.gov,Kim Evans2ed
294,mrookeby86@ycombinator.com,Mrs Linda Thomsonc49
295,mattrill87@goodreads.com,Julia Barker2ff
296,mmogie88@netscape.com,Gail Mitchell4ef
297,rwagerfield89@shutterfly.com,Martyn Harper-Howell1ef
298,toculligan8a@jigsy.com,Kelly Baker644
299,lraftery8b@vkontakte.ru,Darren Robson5bb
300,emorando8c@webnode.com,Paige Wilson-Townsend78b
301,opollicote8d@shareasale.com,Tina Boylea86
302,erawkesby8e@wikispaces.com,Garry Hallb3a
303,gpoint8f@prnewswire.com,Ms Michelle Palmer95f
304,ccooksley8g@feedburner.com,Shaun Daniels5f0
305,dnystrom8h@spotify.com,Reece Nashf70
306,ehyder8i@storify.com,Adrian Pratta56
307,cfrazier8j@dell.com,Katherine Robertseff
308,sfroggatt8k@list-manage.com,Mohammed Parkinsonf0f
309,kfauning8l@shareasale.com,Stacey Popec06
310,kthurley8m@weibo.com,Natasha Douglas-Younga78
311,pbimson8n@tinypic.com,Brian Murray07d
312,hphilcott8o@fotki.com,Dr Molly Elliott2b5
313,nmatiewe8p@squidoo.com,Mr Russell Lynch305
314,tfehners8q@1und1.de,Ms Heather Brownfba
315,hkarolowski8r@de.vu,Frances Spencerd23
316,mbernhardi8s@about.com,Hilary Harding-Wilkinson601
317,jsyder8t@wisc.edu,Darren Parsons7d1
318,rgrishenkov8u@deviantart.com,Victor Palmer5ff
319,ltreweela8v@go.com,Gillian Dennis455
320,aolyonov8w@t-online.de,Geoffrey Lewis-Nichollsada
321,tmorteo8x@uol.com.br,Kate Greenwoodaba
322,cmeadowcroft8y@fastcompany.com,Luke Stevens269
323,vmcneillie8z@lycos.com,Dr Jay Riley017
324,tmcgarvey90@opensource.org,Mathew Turnbulle89
325,samy91@taobao.com,Miss Janice Williams1b7
326,kplampeyn92@ebay.com,Frank Nash9ba
327,smulleary93@51.la,Lewis Smitha04
328,smatula94@php.net,Gail Johnson888
329,sciccerale95@gnu.org,Dr Ashleigh Day58d
330,dbrudenell96@cdbaby.com,Ms Julia Morrisb9e
331,glarrad97@tamu.edu,Mitchell Stevens396
332,goloshkin98@printfriendly.com,Mr Cameron Mahmood3e8
333,hthornewell99@seattletimes.com,Mr Allan Cross18b
334,zvanarsdale9a@yahoo.co.jp,Karen May59b
335,mwilfinger9b@ezinearticles.com,Diane Gibson-Reesbee
336,gbrockelsby9c@ucoz.ru,Mr Alexander Turneraba
337,dkhan9d@vinaora.com,Roy Rogers-Powerea2
338,plumber9e@pinterest.com,Hannah Porter-Mistry3fd
339,bdurrant9f@nasa.gov,Susan Perryaf1
340,awathall9g@nbcnews.com,Maureen Scottfaf
341,mkirstein9h@accuweather.com,Dr Marc Hussainba0
342,gkores9i@pbs.org,Owen Peters972
343,lseabrocke9j@nsw.gov.au,Abbie Brown7f9
344,gabotson9k@sphinn.com,Mr Simon Grantbdc
345,gkeough9l@mtv.com,Eleanor Collinsfbc
346,rwilman9m@mail.ru,Sophie Perkins6f9
347,oborthwick9n@vkontakte.ru,Duncan Bartlett-Bond817
348,mvacher9o@wisc.edu,Darren Hall307
349,jlambirth9p@pbs.org,Jill Nixon031
350,aprudence9q@parallels.com,Toby Johnson944
351,rmilmore9r@ihg.com,Alan Barrydbe
352,kkitto9s@imageshack.us,Louise Brown-Murphyd34
353,mmacvicar9t@prweb.com,Fiona Brady2c5
354,kpashba9u@ox.ac.uk,Stephanie Clark34d
355,cissett9v@home.pl,Bruce Wilsonabe
356,tghelardoni9w@vk.com,Marc Simmons5ef
357,fcummungs9x@myspace.com,Marie Cook-Watkins127
358,sdmitrievski9y@google.ru,Raymond Smith043
359,sbarles9z@arstechnica.com,Duncan Buckley-Smithef8
360,kferenca0@globo.com,Melissa Chandlera54
361,hmasdina1@51.la,Henry Taylor5ec
362,cstientona2@yellowbook.com,Dr Eric Colecfe
363,balberya3@walmart.com,Danny Russell0c4
364,cdomnineya4@un.org,Ellie Jackson683
365,kjoicea5@opensource.org,Sandra Perry733
366,temnoneya6@joomla.org,Mrs Carolyn Hunt3bc
367,mfeehilya7@tripod.com,Sian Clayton6b2
368,pgreensidesa8@ucoz.ru,Amy Thomas0da
369,cdruhana9@360.cn,Brenda Johnson677
370,fswinnardaa@amazon.com,Sarah Westf05
371,kchawnerab@seesaa.net,Dr Phillip Jonesadf
372,fsametac@thetimes.co.uk,Dr Howard O'Sullivan10a
373,amandread@mapquest.com,Mr Brian Carpenterb0a
374,mwyndhamae@timesonline.co.uk,Mr Jacob Clarkede6
375,rwaisonaf@digg.com,Mr Glen Wilson41b
376,jaltonag@upenn.edu,Lee O'Neill-Jones549
377,dcampanelliah@nymag.com,Victor Black1d8
378,fwhorallai@netscape.com,Roger Hudson719
379,hlockeyaj@china.com.cn,Dr Thomas Singhd09
380,dchittockak@list-manage.com,Dennis James-Burton3d7
381,mhounsonal@google.ca,Dr Kyle Walker71f
382,vfritcheam@latimes.com,Bryan Clark510
383,ccrawcouran@blogger.com,Victor Brown9f4
384,aderobertisao@amazonaws.com,Hannah Sanderson6a4
385,dwhinrayap@geocities.com,Ms Jenna Phillipsedc
386,gmorisonaq@google.ca,Ashley Jamese79
387,lpriggar@mapquest.com,Nicole Phillips-Willisc51
388,esmyleyas@woothemes.com,Dr Emma Butler130
389,bschirachat@prweb.com,Alexandra Williamsff2
390,ashoweringau@oakley.com,Miss Tina Thorped42
391,dbransdonav@usatoday.com,Glenn Davies161
392,nreimeraw@house.gov,Colin Dunn2c2
393,hbellewax@harvard.edu,Olivia Jacksond50
394,lcasajuanaay@howstuffworks.com,Mr Scott Spencer358
395,rasplandaz@seattletimes.com,Christian Payne4f5
396,tburrellsb0@mlb.com,Kenneth Taylore12
397,celoib1@buzzfeed.com,Matthew Robinson156
398,kwaywellb2@51.la,Mohammed Rahman98b
399,etuffrm-dup@plala.or.jp,Dr Tracey Begumfef
400,kchomickirn-dup@weibo.com,Ms Katie Bennett19a
401,areapro-dup@soundcloud.com,Lee Clarkca1
402,apuckinghornerp-dup@prweb.com,Victor Jones44f
403,dmcdellrq-dup@ca.gov,Mandy Williamsonb55
404,ctoderinirr-dup@hexun.com,Michael Smith0bb
405,apriddingb9@epa.gov,Sian Batesacd
406,abowlingba@weather.com,Callum Patelcff
407,lbukowskibb@wired.com,Peter Anderson6e3
408,mfeeleybc@who.int,Gerald Fry8a4
409,sstandallbd@amazonaws.com,Bethan Morris8f9
410,rmeldonbe@goo.ne.jp,Sylvia Thompsonce5
411,erubybf@dion.ne.jp,Melissa Palmer2c2
412,mpinarbg@nymag.com,Vincent Fletcher83c
413,bformbh@prlog.org,Mrs Louise Jackson1b5
414,dfarndalebi@census.gov,Kevin Ross96a
415,jbendbj@webeden.co.uk,Francis Schofield086
416,ngeorgibk@merriam-webster.com,Mr Benjamin Smith4fa
417,gsiddonsbl@chicagotribune.com,Mr Elliott Dobson937
418,eclewbm@acquirethisname.com,Mrs Marie Matthews101
419,smclleesebn@mapy.cz,Ms Julie Khan346
420,amcelorybo@engadget.com,Marie Young823
421,ehawbp@jimdo.com,Antony Weston-Steelefea
422,eridehalghbq@slideshare.net,Gavin Smithcef
423,eburfieldbr@chronoengine.com,Jonathan Read9b3
424,cfidelerbs@opera.com,Mrs Amy Wright36f
425,ischwandbt@shutterfly.com,Mitchell Ward-Hewitt2c7
426,rpurchallbu@nih.gov,Mr Gregory Thomas702
427,blagebv@cargocollective.com,Bryan Davidsondfb
428,rallredbw@wikia.com,Kimberley Robinson883
429,sschulzbx@netvibes.com,Mr Gary Berryfd3
430,stapeby@google.co.uk,Miss Jasmine Porter4f9
431,ldeatonbz@ask.com,Jordan Wood090
432,hchatfieldc0@prweb.com,Joanne John160
433,mbranec1@indiegogo.com,Daniel Kellya62
434,bcarderoc2@soundcloud.com,Dr Ian Taylor999
435,ybengoughc3@reuters.com,Dr Gerald Wongced
436,btollettc4@uiuc.edu,Ms Lesley Robinson253
437,kurryc5@google.com.au,Miss Shannon Mitchell92a
438,amewesc6@baidu.com,Harry Chambers38b
439,nholburyc7@reuters.com,Dr Abdul O'Neill3f0
440,tjenkenc8@squidoo.com,Damien Leonard897
441,cbawmec9@prnewswire.com,Albert Young6d9
442,rjelfsca@unesco.org,Tony Warrenb1a
443,bvlasyukcb@addthis.com,Caroline Matthewsa57
444,mwarincc@google.cn,Stephen Hayes48e
445,kizzettcd@woothemes.com,Mr Gavin Thomascec
446,dkloisnerce@indiatimes.com,James Millseec
447,lmittoncf@networkadvertising.org,Shirley Masonb13
448,kkeightleycg@wix.com,Bethany Goughc64
449,vgentilch@sogou.com,Lewis Scotta48
450,rquickci@barnesandnoble.com,Stephanie Hayes746
451,fivermeecj@bigcartel.com,Gregory Shawc07
452,hjordineck@woothemes.com,Ms Diana Sullivan3f0
453,bannattcl@apple.com,Kelly Butcherd6c
454,clundiecm@nsw.gov.au,Harry Ross34e
455,mplacidocn@ycombinator.com,Carolyn Day-Taylor1d5
456,dleatherco@csmonitor.com,Mr Jamie Smithf96
457,swarnecp@weebly.com,Mr Roger Smith05b
458,mpadfieldcq@dropbox.com,Dr Tina Morris410
459,oconniamcr@mayoclinic.com,Justin Willis-Stevensonf21
460,mveneurcs@about.com,Diana Hewitt-Barker7ec
461,sbubbinsct@sitemeter.com,Kayleigh James6f7
462,ccrasfordcu@bizjournals.com,Justin Morrisonb5a
463,krigneycv@oakley.com,Sylvia Reid-Williamsb4c
464,jborrillcw@fema.gov,Gary Stephens-Ward6a2
465,tmarcoolyncx@hhs.gov,Stewart Smith-Simmonseb2
466,ecammockcy@nih.gov,Kerry Smith4c3
467,mindercz@amazonaws.com,Joe Davies0e2
468,fcotsfordd0@unicef.org,Miss Francesca Jenkins461
469,vreemand1@plala.or.jp,Stephanie Pottsb8b
470,lsandelsd2@4shared.com,Jacob Reynolds65d
471,mthreaderd3@prweb.com,Mr Aaron Moran043
472,rcorlettd4@csmonitor.com,Mr Barry Watts88d
473,tswaffieldd5@narod.ru,Marie Khanff7
474,jrufflerd6@latimes.com,Bradley Higgins51e
475,achandlerd7@liveinternet.ru,Dr Alison Richardson989
476,rchurchilld8@google.fr,Chloe Sanders8d8
477,cnewsteadd9@toplist.cz,Andrea Jones3ac
478,pmcgintyda@springer.com,Mr Nathan Jacksonbe2
479,erobrowdb@slate.com,Jennifer Carter392
480,tkeyhoedc@smh.com.au,Mr Harry Humphries1e8
481,msackeydd@studiopress.com,Dr Christopher Anderson945
482,msewleyde@huffingtonpost.com,Lauren Connolly88b
483,hrogerondf@ifeng.com,Ms Melanie Richardsfd9
484,orehndg@t-online.de,Philip Davies-Huntaf0
485,jszymanskidh@irs.gov,Alison Page-Sandersada
486,lhearleydi@sina.com.cn,Ian Nash-Patela13
487,jspatarodj@lulu.com,Mr Joe Burrowsc32
488,hhabershondk@amazon.co.uk,Mr Nicholas Russellba1
489,hsurgeondl@fema.gov,Trevor Lloydb37
490,vhavesidesdm@webs.com,Brandon Davis27c
491,kmardalldn@cloudflare.com,Keith Mitchell107
492,crubrowdo@si.edu,Gavin Price0d0
493,gfintophdp@youtube.com,Joanna Grant1a9
494,bbeccerodq@1688.com,Miss Bethany Jonesea5
495,lplayerdr@studiopress.com,Stuart Thomas5fd
496,showiesonds@dmoz.org,Catherine Richardson551
497,agrewesdt@dion.ne.jp,Georgia Newman86c
498,mespinosadu@altervista.org,Reece Cooper928
499,mmeysdv@independent.co.uk,Bruce Connor89e
500,twinsborrowdw@jalbum.net,Andrea Burkeaa4
501,amundwelldx@csmonitor.com,Daniel Holmesce9
502,wmanneringdy@newyorker.com,Julia Marsden6f9
503,hipwelldz@boston.com,Dr Helen Dennis739
504,wforsdickee0@ucsd.edu,Miss Irene Briggse97
505,callatte1@tinyurl.com,Holly Carrff2
506,ihandovere2@amazonaws.com,Ross Metcalfeccc
507,hserginsone3@ca.gov,Antony Lamb-Lewis45e
508,elawrancee4@github.io,Hazel Duncan9e9
509,jfearnille5@omniture.com,Wayne Phillips41d
510,hduddelle6@scribd.com,Kayleigh Lloyd3e8
511,lscraftone7@digg.com,Mrs Ashleigh Sandersonc29
512,bvannikove8@icio.us,Shannon Coxe51
513,dferrye9@last.fm,Jasmine Harris260
514,mstarkieea@qq.com,Shirley Carey2f2
515,tcockneyeb@artisteer.com,June Hall-Saunders60c
516,gclevelyec@purevolume.com,Joseph Kennedy-Young4b4
517,rstenninged@skyrock.com,Mr Harry Gallagher1b4
518,dsellanee@zdnet.com,Simon Dale863
519,jplessingef@netlog.com,Miss Megan Johnd1d
520,fdanovicheg@infoseek.co.jp,Phillip Collins9df
521,bmiliereh@mayoclinic.com,Dr Leigh Garnerb9a
522,ajoselevitzei@about.com,Iain Norris297
523,jdomsallaej@dedecms.com,Toby Johnson-Thompson9f9
524,mdehailesek@tripod.com,Emily McKenzie-Begum0ea
525,nansillel@simplemachines.org,Mr John Andrews9e1
526,gschuchmacherem@reverbnation.com,Catherine Moored39
527,rmccaughranen@ftc.gov,Dr Lisa Phillipsd4b
528,amountaineo@google.co.uk,Adrian Fletcher5f3
529,mdurrellep@bbb.org,Bradley Singh650
530,llarhameq@sfgate.com,Pauline Williams349
531,tdoranter@cnbc.com,Mandy Sutton962
532,dpummeryes@booking.com,Douglas Barker574
533,hclausneret@unc.edu,Mr Callum Edwards4f1
534,nhatherelleu@nih.gov,Holly Rowe449
535,mcressyev@ed.gov,Kimberley Osborneb5a
536,gromanelliew@bravesites.com,Mohammad Jones2d1
537,fkosex@paypal.com,Dawn Jones5df
538,pshayey@oaic.gov.au,Barbara Hammond2e4
539,mstrachanez@prweb.com,William Hollandb2b
540,biacomif0@state.tx.us,Ellie Lewisd3e
541,egheorghescuf1@ucoz.com,Sharon Jamescba
542,lseilerf2@unblog.fr,Timothy Clarkee3d
543,vlouedeyf3@paginegialle.it,Lydia Wood-Hussain29c
544,ailyinf4@china.com.cn,Caroline Whitehead58b
545,eshardf5@wikia.com,Ms Kayleigh Hudson48a
546,astormsf6@eepurl.com,Marcus Smith7e3
547,rmcallenf7@discovery.com,Hugh Bailey-Phillips99b
548,prhysf8@acquirethisname.com,Joseph Cunningham1bc
549,dmoohanf9@chron.com,Norman Butler-Knight2a7
550,phuntonfa@posterous.com,Jay Hartley879
551,csopperfb@usda.gov,Patrick James25f
552,sbrogifc@loc.gov,Sylvia Kelly5cc
553,wbernhardifd@state.tx.us,Joel Patelde1
554,gmarshfieldfe@jalbum.net,Marcus Baker59a
555,ahovendenff@washington.edu,Jack Morgan-Smithcf7
556,pvanoortfg@blogspot.com,Dr Garry Shaw743
557,trysomfh@squidoo.com,Charles Hurstaca
558,fromanskifi@yahoo.com,Francis Robinson-Mossb8d
559,mchampnissfj@webmd.com,Rosemary Gray34c
560,abletcherfk@barnesandnoble.com,Graham Mitchellb05
561,dtizardfl@godaddy.com,Angela Browne22f
562,blinzeefm@hud.gov,Katie Spencer-King284
563,esydefn@icio.us,Abdul Howard-Moss044
564,tfoottitfo@comcast.net,Brenda Robertsacd
565,mguisefp@nsw.gov.au,Conor Fletcher-Mason6c3
566,lludeefq@pagesperso-orange.fr,Max Todd772
567,cgeckefr@yellowpages.com,Kevin Rose898
568,mgavrielifs@myspace.com,Leah Jones-Lawson9fd
569,hbreffittft@example.com,Paula Higginseca
570,wgalliardfu@moonfruit.com,Mr William Hardy6bb
571,pdorgonfv@fc2.com,Adam Cooke1ef
572,mgormleyfw@dell.com,Ms Diane Morganea8
573,rmarringtonfx@123-reg.co.uk,Graham Hartley-Stoneca7
574,mladburyfy@dion.ne.jp,Jasmine Howe0ce
575,eaudryfz@discovery.com,Dr Vanessa White703
576,ablunng0@opera.com,Miss Jemma Hope5d5
577,adodingg1@tamu.edu,Molly Williams-Hudson9d1
578,dtarborng2@vinaora.com,Mr Carl Hudson98d
579,rmargettsg3@blogtalkradio.com,Leanne Thompson-Burns0b2
580,afouchg4@wiley.com,Mrs Hayley Morton860
581,kcostardg5@phpbb.com,Arthur Kaur850
582,amaideng6@cafepress.com,Nicola Clarke-Russell6b2
583,clintotg7@goo.ne.jp,Max Robson196
584,bmacfaydeng8@51.la,Tracy Ward865
585,pcawsg9@blinklist.com,Terence Thomas0b6
586,iwitherspoonga@prnewswire.com,Amanda Smith-Smart220
587,ewollergb@topsy.com,Sandra Watkins436
588,ascardgc@about.me,David Hussain8cb
589,chollingbygd@mtv.com,Dr Anthony Jonesbf1
590,hcowderoyge@arizona.edu,Sandra Martin8de
591,nkneafseygf@sitemeter.com,Jane Williams2b8
592,gbazyletsgg@odnoklassniki.ru,Amelia Price467
593,ysturmgh@chron.com,Mrs Marian Phillipsc51
594,jsloygi@hao123.com,Thomas Bell6b7
595,abinfieldgj@disqus.com,Harry Cook-Lloyd2c8
596,ndownesgk@myspace.com,Vincent Young8c0
597,froddagl@economist.com,Jean Holdened7
598,sodoireidhgm@printfriendly.com,Molly Martin95b
599,nborastongn@webnode.com,Dr Hugh Milesfe4
600,dnekrewsgo@pagesperso-orange.fr,Dr Billy Brown12d
601,cscrowbygp@dedecms.com,Ricky Hayward016
602,olacasegq@dot.gov,Jordan Simpson0a5
603,aredmillegr@sbwire.com,Ms Deborah Barnes4ef
604,dpriddlegs@yale.edu,Amber Williamsd5d
605,kthomersongt@clickbank.net,Sally Holland1c8
606,tluffmangu@auda.org.au,Kathryn Khane52
607,mensorgv@eventbrite.com,Lorraine Kelly815
608,cflecknogw@cbsnews.com,Dr Brandon Andrews1a7
609,egreystockgx@surveymonkey.com,Stuart Bennetta73
610,lshayesgy@rakuten.co.jp,Russell Sims-Sharpb5c
611,fsegotgz@salon.com,Daniel Burgessee8
612,fbeckhouseh0@vimeo.com,Natalie Bradshawaf0
613,ktribbleh1@webs.com,Sandra King2b0
614,swrintmoreh2@shareasale.com,Damian Brown-Ferguson1c2
615,kvolageh3@liveinternet.ru,Mr Patrick Bond939
616,hlowseleyh4@gnu.org,Frank Phillipsf89
617,rpristnorh5@goo.ne.jp,Max Lamb601
618,rjowleh6@who.int,Marcus Williamsa48
619,dbullmanh7@amazon.com,Mr Bruce Parker51d
620,sfolkerdh8@tinypic.com,Abigail Millerd91
621,fdimmackh9@earthlink.net,Shane Henrya13
622,vbowbrickha@blinklist.com,Mrs Annette Austin4f3
623,dbuntinghb@meetup.com,Dr Hollie Brown056
624,hmalacridahc@wikispaces.com,Iain Lewis-Watsone8f
625,dconkeyhd@netlog.com,Francis Allend48
626,gmcdoolhe@spiegel.de,Kerry Lowec3f
627,owaldrumhf@who.int,Tracy Moran9c6
628,rnovishg@ibm.com,Bethan Macdonaldaeb
629,cjammethh@prweb.com,Thomas Millsb64
630,plimeburnhi@oaic.gov.au,Miss Diana Foster515
631,ahallexhj@mapquest.com,Ronald Simpson-Walshb97
632,pseifferthk@ustream.tv,Dr Dawn Harrisonf70
633,gbeddiehl@washingtonpost.com,Ben Khan502
634,mratledgehm@joomla.org,Callum Jones-Turner726
635,sstitsonhn@soundcloud.com,Leon Foster9a2
636,cmonahanho@cbsnews.com,Mrs Sheila Macdonald7a8
637,jloreyhp@shop-pro.jp,Brett Baker756
638,umegarrellhq@jimdo.com,Thomas Wilkinson331
639,ggreiserhr@msu.edu,Jacob Taylorc01
640,shartfieldhs@thetimes.co.uk,Roger Barnes409
641,kmaffulliht@house.gov,Gerald Davies989
642,vmcreynoldshu@blogtalkradio.com,Jack Kelly-Willisff7
643,mwedgwoodhv@squidoo.com,Stephanie Smith6d6
644,qdomonehw@adobe.com,Mr Julian Hutchinson212
645,jwenhamhx@slideshare.net,Kenneth Foster-Hill2f7
646,hgendershy@google.es,Jacqueline Robinson042
647,awestmorehz@delicious.com,Helen Parkinson-Pollard1f2
648,rthorleyi0@buzzfeed.com,Janice Humphries-Graham198
649,gnosworthyi1@elpais.com,Dr Bernard Wilkinson9fa
650,tfawthorpei2@usa.gov,Rita Webster5ea
651,ddolohuntyi3@eepurl.com,Colin Wilson-Richardson103
652,jcharlini4@hostgator.com,Trevor Tomlinson-Schofield196
653,sbrailsfordi5@is.gd,Gregory Hayes-Hughesf66
654,kciccoloii6@nytimes.com,Judith Baker-Thomas520
655,cgernieri7@huffingtonpost.com,Gregory Jones6d3
656,jpebworthi8@usa.gov,Ms Kathleen Sheppard91f
657,mdonisii9@yolasite.com,Mrs Emily Daviesf30
658,ivateria@cbslocal.com,Victoria Fox71e
659,mmellingib@indiegogo.com,Dr Mary Greendcc
660,brobbic@ted.com,Duncan Andrews8af
661,rsallengerid@google.de,Gillian Webbab6
662,msachnoie@msn.com,Ms Elizabeth Smithed4
663,apocklingtonif@wix.com,Ms Katherine Green057
664,aperigeauxig@wikimedia.org,Abigail Mitchell-Clarkeb88
665,gfursseih@odnoklassniki.ru,Emma Taylor7cc
666,sdodridgeii@drupal.org,Dr Alice Morgan666
667,sbillsonij@amazon.co.jp,Amelia Singha05
668,bgonik@weather.com,Christine Edwards561
669,fhorryil@blogger.com,Hayley Kennedy-Watkinsdcc
670,mivantsovim@webs.com,Andrea Miller-Watsonb81
671,rcrummeyin@wordpress.com,Dr Damian Berry0af
672,eeckersallio@oaic.gov.au,Daniel Johnson0aa
673,msecombeip@geocities.com,Dr Jamie Metcalfe573
674,ppittsiq@odnoklassniki.ru,Ms Tina Burke335
675,lsavouryir@storify.com,Dr Philip Smith9ef
676,jcruftsis@who.int,Lynn Dunn-Lawsond67
677,bbussit@slate.com,Ms Marilyn Myers647
678,cterrettiu@who.int,Iain Allen480
679,rattenborrowiv@samsung.com,Geraldine Kelly5cf
680,ashuardiw@pcworld.com,Timothy Parkerc5e
681,cleatherix@xing.com,Mrs Jessica Perry074
682,olongfutiy@sfgate.com,Arthur Todd2dc
683,bparrottiz@ihg.com,Marilyn Armstrongb0c
684,aconnalj0@google.cn,Alison Wilson602
685,dsimoesj1@issuu.com,Gemma Hunteraf5
686,ukillcrossj2@xinhuanet.com,Justin Saunders-Halld85
687,omaskallj3@canalblog.com,Vincent Hawkins806
688,sperronij4@360.cn,Dr Allan Shawba9
689,delvinsj5@usda.gov,Mohammad Farmer-Carraa1
690,jpirriej6@springer.com,Mitchell Powell-Gray58a
691,frechertj7@chron.com,Dr Josh Mitchell857
692,dstonhardj8@latimes.com,Kim Barrettdd3
693,skleemanj9@state.tx.us,Gail Evans-Kelly34e
694,hjaszczakja@un.org,Jake Harvey66d
695,eskittrelljb@ifeng.com,Dr Aaron Nicholls282
696,rjuniperjc@webs.com,Ben Harris-Adams847
697,ddewanejd@businessweek.com,Mrs Melanie Kellya76
698,slooneyje@google.pl,Dr Ben Hewitt065
699,dpedlerjf@bbc.co.uk,Conor Patel-Warrenaf0
700,kwiltsherjg@reverbnation.com,Damien Fleming3fa
701,lkubasiewiczjh@artisteer.com,Rachael Bennett5ff
702,veastburyji@ox.ac.uk,Jane Bibi9e5
703,kteodorskijj@youtube.com,Howard Dayd23
704,gbartolomuccijk@businessinsider.com,Mr Gareth Chapman880
705,bmabeejl@vk.com,Dr Jason Coxa24
706,bbimrosejm@wikispaces.com,Abigail George190
707,bbasdenjn@paypal.com,Rebecca Morrison5ae
708,fkillinerjo@tripod.com,Diane Kaur-Savage013
709,trobotthamjp@surveymonkey.com,Henry Burke-Smith641
710,aocarrolljq@noaa.gov,Annette Wallis-Kerr117
711,msollomjr@arstechnica.com,Danny O'Neill99e
712,cropertjs@ameblo.jp,Gillian Thompson04e
713,lfrugierjt@liveinternet.ru,Jacqueline Wright-Hill800
714,whartzogju@bing.com,Ms Carolyn Wilkins024
715,locorranejv@census.gov,Jonathan Jones-King468
716,fbowcherjw@liveinternet.ru,Kimberley Wardd07
717,wcardusjx@huffingtonpost.com,Dr Malcolm Howe911
718,grameletjy@live.com,Ricky Lee-Hale949
719,dbertramjz@alibaba.com,Mr Antony Dobson088
720,tfarthink0@cocolog-nifty.com,Dr Aaron Phillips1db
721,mbrownsmithk1@live.com,Mr Toby Parryc77
722,lfullicksk2@chron.com,Janet Cooper0aa
723,rvanhovek3@omniture.com,Mrs Zoe Shaw023
724,lhugnink4@google.de,Denise Ward-Hollandbe6
725,lculkink5@pcworld.com,Bradley Fitzgerald945
726,bmoyesk6@moonfruit.com,Vincent Watts533
727,ntomsk7@de.vu,Mr Guy Watts601
728,blindwasserk8@wired.com,Dr Lawrence Rice91a
729,jbridlek9@issuu.com,Graeme Dobson8e0
730,glambertzka@facebook.com,Melanie Macdonald3fd
731,bstirtlekb@blogtalkradio.com,Lee Stephens542
732,atimmermannkc@ocn.ne.jp,Eileen Walker4ea
733,jtapekd@cbc.ca,Ms Amy Giles3c5
734,cwignallke@symantec.com,Mr Benjamin Daviesfa8
735,fpietzkerkf@networkadvertising.org,Dr Patrick Robinson08a
736,mquinceykg@theguardian.com,Lisa Edwards2c5
737,aschistlkh@trellian.com,Steven Mitchell8af
738,kmolderki@cpanel.net,Nicola O'Connorb1a
739,rfeehilykj@amazon.com,Patrick Myers690
740,mtellessonkk@sogou.com,Dr Marilyn Clarkf44
741,msijmonskl@fotki.com,Mr Trevor Burke7f9
742,zdavenportkm@go.com,Mr Allan Holden948
743,mshillakerkn@uol.com.br,Debra Peters170
744,lmosleyko@shop-pro.jp,Gillian Evans0e1
745,cskeggskp@reddit.com,Mr Howard Poole44e
746,akerwenkq@irs.gov,Gareth Kelly772
747,aschoolfieldkr@clickbank.net,Hayley Richardson9d2
748,rughettiks@amazon.co.jp,Miss Rebecca Young786
749,cipsleykt@virginia.edu,Nicole Baker999
750,jobeeku@mapy.cz,Tony Khanbb2
751,mprestiekv@miitbeian.gov.cn,Ms Sally Thompson89f
752,bkinsettkw@latimes.com,Amelia Smith83f
753,reckartkx@hatena.ne.jp,Ms Carly Clark831
754,ooselandky@vk.com,Dr Marc Daviesfaa
755,erowleskz@issuu.com,Miss Hannah Marshbf7
756,mbeestonl0@mlb.com,Abigail Hollowaye0a
757,emurisonl1@ovh.net,Katy Stephensdbc
758,jwittringtonl2@ibm.com,Barbara Hyde12c
759,iprestnerl3@blinklist.com,Mrs Jade Russelld85
760,ctylorl4@bloglines.com,Shannon Williams129
761,kknealel5@vinaora.com,Jamie Smith-Smithfa0
762,hclaysonl6@theglobeandmail.com,Ross Parrybef
763,ashavel7@miibeian.gov.cn,Mr Kevin Howells23a
764,pfinlanl8@rakuten.co.jp,Simon Wade32f
765,mbasilottal9@irs.gov,Maurice Wardced
766,smikalskila@nbcnews.com,Marian Johnsona9f
767,gshurmorelb@chron.com,Stacey Haynes185
768,gjellicolc@squidoo.com,Jenna Thomas-Davis963
769,aosmarld@cnbc.com,Jamie Robinson59c
770,sverryanle@ca.gov,Nicole Thomasec1
771,wdudlestonlf@delicious.com,Kate Allen631
772,dbinnelg@vk.com,Bernard Coates99d
773,rkoomarlh@weibo.com,Patrick Evans-Taylor801
774,zrosenbuschli@plala.or.jp,Dr Leslie Clarke740
775,amaxfieldlj@wisc.edu,Ms Joyce Jamesb8b
776,iashmentlk@accuweather.com,Rachael Butler-Carter473
777,mguilliattll@pinterest.com,Jane Crawford2c6
778,scapnerhurstlm@gov.uk,Melissa Greenwood155
779,pdelunaln@stanford.edu,Kate Macdonald05a
780,dharwoodlo@nsw.gov.au,Dr Lesley Bailey4a6
781,tgallallylp@answers.com,Graham Smitha84
782,bwoodnuttlq@lycos.com,Amanda Bowenf0a
783,kduhamlr@house.gov,Tracy John23e
784,pcussenls@discuz.net,Mandy Evans3d4
785,asalewaylt@cargocollective.com,Mrs Diana McDonalda1b
786,cbarnardolu@usgs.gov,Dr Hilary Simpson7c5
787,edavidofflv@yolasite.com,Lesley Middleton-Dawsonb4a
788,gfrostdickelw@com.com,Mrs Tracy Turner91d
789,lheamslx@friendfeed.com,Stewart Humphreys22a
790,bgamlinly@wisc.edu,Dr Damien Morris411
791,crousselllz@archive.org,Ashley Grant76e
792,astoneleym0@craigslist.org,Aaron Carr-Bowend3b
793,vhodcroftm1@economist.com,Dr Jane Smith8f8
794,mliccardim2@tmall.com,Olivia Taylorde5
795,awotherspoonm3@tamu.edu,Miss Diana Parker96d
796,jturnellm4@clickbank.net,Dale Butlerf6e
797,ccallinghamm5@imdb.com,Antony Jones13f
798,rlastm6@whitehouse.gov,Elliot Kirk6dd
799,gwankm7@epa.gov,Justin Robinson771
800,dshreenanm8@mashable.com,Roger Bishop-Russell92e
801,nstodhartm9@whitehouse.gov,Leslie Harris-Russell92f
802,mbulfordma@shinystat.com,Mrs Jodie Russella22
803,dtesdalemb@dell.com,Mr Karl Bray6a2
804,ybraxtonmc@is.gd,Kelly Stevens668
805,ajaggardmd@youtu.be,Megan Wilkinson639
806,wjilkesme@icio.us,Dr Leslie Dayaf6
807,ahurranmf@hubpages.com,Lisa Davison5d1
808,htwaitsmg@unc.edu,Charles Hopkins8ad
809,rlepruvostmh@aboutads.info,Lauren Kempc81
810,vgiacoppomi@google.fr,Maurice Brownb1d
811,gwithamsmj@smugmug.com,Dr Alan Pearsonb51
812,ekimmmk@google.co.uk,Duncan Parkinson094
813,dheinekeml@scribd.com,Ms Jayne Priceced
814,lfoldsmm@cnet.com,Mr Terence Brownce4
815,kcamockmn@dagondesign.com,Mr Elliott Kelly4ad
816,rdivinamo@cdbaby.com,Joe Jones7bc
817,cmizzimp@biglobe.ne.jp,Mr Mohamed Long3a2
818,wgiacopellomq@ycombinator.com,Mitchell Laneced
819,awentmr@histats.com,Eric Reynoldsf48
820,sstowgillms@soup.io,Mrs Judith Tuckeraf0
821,jbiernatmt@taobao.com,Holly Cooper070
822,olamdinmu@webmd.com,Ms Shannon Barnes76a
823,amartinollimv@berkeley.edu,Norman Haynes013
824,adysertmw@hc360.com,Geraldine Quinn33e
825,noelsmx@ftc.gov,Dr Heather Jackson1b5
826,tmeeremy@google.de,Declan Cooke-Baileydd0
827,ckiltiemz@usnews.com,Carolyn Patel8b8
828,wguinnn0@nsw.gov.au,Mr Brett Bradley4cb
829,tohalleghanen1@google.cn,Mr Samuel Davies456
830,uhardwicken2@cdc.gov,Marilyn Thompson1a8
831,lfaithornn3@yandex.ru,June Richardson-Harris176
832,dgarnsonn4@buzzfeed.com,Steven Bell-Shepherdb7c
833,lellcockn5@ucoz.ru,Caroline Ford042
834,twoolisn6@wisc.edu,Tracey Jones902
835,folivon7@imgur.com,Sara Hobbsd92
836,brichlyn8@archive.org,Mrs Georgina Smithcc9
837,ucristofarin9@apache.org,Derek O'Neillb60
838,naddisna@wufoo.com,Owen Stewart-Clark23e
839,ggouldennb@spotify.com,Carolyn Williams21a
840,gwethericknc@seesaa.net,Ruth Nash701
841,jgoodletnd@princeton.edu,Dr Gareth Hortoncec
842,yfermingerne@stanford.edu,Dr Hazel Palmer410
843,glotzenf@princeton.edu,Joel Walshd01
844,jlaugierng@google.de,Wayne Cunningham-Ford5dd
845,ziornsnh@paypal.com,Howard Westonf13
846,swaneni@bloglines.com,Margaret Davies36e
847,pblucknj@cbc.ca,Mr Colin Moore175
848,lsextink@storify.com,Liam Davies6b2
849,owoodrownl@state.tx.us,Mr Charles Smithb35
850,jhamblynm@chronoengine.com,Ms Olivia Williams8ca
851,cgilksnn@addthis.com,Dr Kyle Rose3c1
852,zgathererno@bravesites.com,Ms Marian Doherty9ba
853,britchingsnp@indiegogo.com,Jessica Wallace004
854,kmcmahonnq@google.de,Aimee Wilson3b6
855,alorienr@indiatimes.com,Dr Paula Watson68d
856,nistonns@wufoo.com,Edward Nolan-Rogers1d2
857,jcopcuttnt@admin.ch,Eileen Whitehead9fc
858,bfaccininu@myspace.com,Pauline Harris176
859,gluddynv@youtube.com,Jean Steele-Gray4a8
860,dbattissonnw@instagram.com,Dr Patrick Hill055
861,hjennaroynx@princeton.edu,Gerard Brownd22
862,thabbenny@mashable.com,Ms Jacqueline Cooper570
863,aalmaknz@forbes.com,Mrs Kimberley Claytonef7
864,ssydenhamo0@vinaora.com,Stacey Stone958
865,cstidsono1@spiegel.de,Zoe Powell3a8
866,thaesliero2@opera.com,Reece Flynnd54
867,icantwello3@posterous.com,Norman Riley7ac
868,kclanceyo4@google.co.uk,Joshua Holden-Lloyd6a6
869,hjefferdo5@flickr.com,Zoe Simsb1a
870,lblisso6@ustream.tv,Josephine Mason-Buckley725
871,mdungeo7@house.gov,Kirsty Walsh-Rose9c1
872,ncolquerano8@ftc.gov,Raymond Oliver-Jamesaa7
873,bbuxeyo9@eventbrite.com,Vanessa Moore-Walkerb77
874,fcrossbyoa@latimes.com,David Briggsb0b
875,atowseob@uol.com.br,Graeme Turner71c
876,ccasfordoc@geocities.com,Gerald Jones-Morrisd12
877,vclohissyod@senate.gov,Dr Bryan Johnsonf05
878,kmckintyoe@springer.com,Mr Luke Robinson48c
879,fmacaneof@tripod.com,Dr Louise Rowe4de
880,vpaolicchiog@dmoz.org,Bernard Graham407
881,ghealyoh@baidu.com,Vanessa Ross0ce
882,zpickworthoi@theatlantic.com,Mrs Jasmine Harrisc14
883,sspadottooj@tinypic.com,Marc Ahmed32d
884,jidellok@creativecommons.org,Joanne Jordan-Kent299
885,thaweol@qq.com,Mrs Dawn Smith84d
886,aredsellom@mtv.com,Pauline Conwaya50
887,fnorcrosson@w3.org,Miss Alice Bell4e0
888,cvaughanhughesoo@goo.ne.jp,Mr Edward Lowea29
889,hcaseroop@topsy.com,Ms Abbie Westonafc
890,equantrelloq@usda.gov,Kirsty Harrison487
891,lferonetor@netscape.com,Joanne Rowleyd47
892,dqueripelos@nbcnews.com,Lisa Read493
893,abuesdenot@amazonaws.com,Dr Benjamin Nicholson82d
894,jdarraghou@youtu.be,Danielle Butlerfd8
895,sbartramov@jigsy.com,Charlotte Hall5a1
896,ccrottaghow@ox.ac.uk,June Howard77b
897,zclapstonox@mozilla.com,Ms Tracey Harrisonf40
898,lbroggiooy@google.com.br,Alison Chambers139
899,mblinmanoz@arstechnica.com,Dr Frances Hunt9fe
900,jopenshawp0@smh.com.au,Janice Fostera48
901,ghaffnerp1@deviantart.com,Jacob Williams3fb
902,alangmanp2@youku.com,Benjamin Freeman62a
903,sgodfreyp3@over-blog.com,Amy Glover-Noble055
904,pdellowp4@globo.com,Dr Tracey Lees017
905,rjerremsp5@squarespace.com,Diane Coleman466
906,oatwoodp6@drupal.org,Dr Jeffrey Read39f
907,cgwatkinp7@tuttocitta.it,Michelle Hall-Bakerf17
908,sskydallp8@psu.edu,Harry Stewart-Lee905
909,aburgesp9@ycombinator.com,Angela Bruce-Jenkins9ee
910,jbibbypa@dmoz.org,Karl Edwards2f3
911,lvanhaeftenpb@edublogs.org,Barry Moran-Payne792
912,fcunniffepc@studiopress.com,Derek Hughesda5
913,dgummpd@businesswire.com,Stephen Dodd-Robertson4c5
914,skensholepe@de.vu,Conor Waters-Moss16a
915,vcasselspf@marriott.com,Gillian White-Blake270
916,blinkiepg@sourceforge.net,Ashleigh Begum-Duffy2f5
917,jpatricheph@stanford.edu,Shirley Potter64c
918,cdrancepi@twitter.com,Jay Walker77a
919,lkestevenpj@hugedomains.com,Abbie Moore3c5
920,tlevetpk@eepurl.com,Bryan Wilsonc61
921,agrigolonpl@theatlantic.com,Judith Doddfc0
922,urasorpm@geocities.jp,Dr Claire Adamsbfc
923,tkastingpn@mozilla.com,Mrs Marian Bartlette13
924,afebrypo@craigslist.org,Frederick King12f
925,hhowseleepp@mysql.com,Mohammed Thompson886
926,urosbroughpq@chron.com,Dylan Quinn124
927,creynaldspr@wp.com,Josephine Page830
928,ptuxillps@indiegogo.com,Rosie Porter0c8
929,lstandellpt@addthis.com,Carol Hill629
930,tnightingalepu@jalbum.net,Glenn Warrena0a
931,ghunnaballpv@unc.edu,Hayley Kelly-Moore11a
932,fmulfordpw@fc2.com,Dr Janice Jones133
933,acorbetpx@slideshare.net,Phillip Sullivandd8
934,mmcillroypy@ca.gov,Mr Sam Hicks10e
935,wdickerlinepz@ehow.com,Dr Alexander Smithe56
936,gurchq0@arstechnica.com,Sheila Glover485
937,bmedgwickq1@nasa.gov,Dr Nicole Smithf66
938,dbuardq2@fda.gov,Liam Collinsc84
939,askipperbottomq3@youtu.be,Tina Fordbdd
940,csmallthwaiteq4@macromedia.com,Jordan Gregoryad8
941,bkitchenerq5@joomla.org,Dr Allan Stephensaaf
942,bstewartsonq6@dot.gov,Ms Teresa Kaurb36
943,cakhurstq7@upenn.edu,Gavin Anderson900
944,erosewallq8@over-blog.com,Pauline Simsa27
945,wmadgwichq9@so-net.ne.jp,Louise Hewitt602
946,lschollerqa@cdc.gov,Dale Atkinsonbcc
947,fpetrelluzziqb@oaic.gov.au,Mr Gregory Thompsone59
948,wthistletonqc@mozilla.com,Dr Craig Jonesfdc
949,mlettyqd@tumblr.com,Bernard Cooper-Mitchellb71
950,cbernhardtqe@joomla.org,Mohamed Murphyf1a
951,seastwellqf@ehow.com,Linda Phillipse81
952,icarolineqg@amazon.co.uk,Ian Dawsond94
953,jdoubledayqh@arstechnica.com,Ms Fiona Gibson972
954,gkeaseyqi@alibaba.com,Karen Peacock325
955,nvongladbachqj@technorati.com,Heather Simmonsb51
956,kjobinqk@guardian.co.uk,Ms Charlene Daviesa61
957,cschurckeql@1688.com,Jacob Barnes23f
958,ocrinionqm@blog.com,Sophie Thomson0a5
959,jraysdaleqn@newyorker.com,Miss Stacey Williamsonbfa
960,acroshamqo@bing.com,Jeremy Mooree57
961,kdecarloqp@webeden.co.uk,Ms Beverley Hayward486
962,aansterqq@about.me,Ellie Hall71b
963,hflaunierqr@example.com,William Bryantac3
964,npendleqs@ning.com,Brandon Rose-Nicholson409
965,dinglesentqt@ning.com,Pauline Young-Morgan1eb
966,kebhardtqu@miibeian.gov.cn,Ms Kimberley Ali9c2
967,brabsonqv@chicagotribune.com,Bethany Jones-Warren6d2
968,haytonqw@pagesperso-orange.fr,Hannah Stevens680
969,gbesseqx@yahoo.com,Dr Leslie Taylor110
970,nmoncarrqy@google.nl,Darren Warren79e
971,lmaylinqz@slideshare.net,Martin Williams-Martin278
972,rcawter0@tmall.com,Ms Victoria Humphreyse61
973,dpiresr1@mozilla.org,Hayley Dixon401
974,cpiler2@mit.edu,Mandy Dodd9d6
975,awhitebrookr3@example.com,Ms Joanna Boyle012
976,fwreifordr4@google.cn,Victoria Thomas-Brown006
977,bwitchellr5@lycos.com,Dr Sam Jones3f8
978,ghadleer6@hc360.com,Jordan Harrisonfd6
979,ocubberleyr7@booking.com,Elliot Mills-Davies5e1
980,sbeddonr8@abc.net.au,Mohammed Johnston60b
981,anisbithr9@ameblo.jp,Dr Carl Smith00f
982,frichemondra@eventbrite.com,Abigail Butler-Flynnab2
983,lrameauxrb@github.com,Carolyn Talbot8e9
984,dvasentsovrc@biglobe.ne.jp,Dr Ian Wells69c
985,pgreimrd@foxnews.com,Danny Hussain-Holt9d7
986,fballre@gov.uk,Dr Olivia Ryan28f
987,amuzzillorf@hc360.com,Frederick Pickering523
988,tjayrg@census.gov,Max White-Hudson29f
989,ccullivanrh@prweb.com,Helen Parkerac1
990,dsjostromri@technorati.com,Connor Andrews-Carterdec
991,cdawburyrj@buzzfeed.com,Amy Adams030
992,flukockrk@usa.gov,Mrs Jacqueline Jonesa63
993,ggolsworthyrl@is.gd,Howard Hall-Wood91c
